order_detail_id,order_id,product_id,quantity,unit_price
1,476,74,4,98.26
2,647,85,2,44.86
3,831,55,2,35.93
4,65,52,4,94.93
5,38,121,3,61.89
6,207,86,1,116.38
7,811,16,2,26.38
8,908,144,1,17.3
9,324,52,3,94.93
10,528,94,4,62.3
11,835,90,5,54.94
12,485,133,3,60.57
13,38,86,2,116.38
14,293,95,3,39.31
15,883,145,1,74.42
16,887,11,3,105.15
17,280,54,1,38.54
18,819,63,3,82.99
19,448,115,4,119.19
20,762,45,4,104.61
21,917,12,4,47.05
22,348,32,2,40.62
23,509,115,4,119.19
24,377,130,5,104.44
25,274,58,1,116.3
26,745,125,4,89.05
27,81,12,4,47.05
28,617,18,2,34.96
29,559,103,3,75.51
30,329,81,1,102.43
31,82,8,3,93.7
32,677,84,3,81.98
33,314,126,4,116.31
34,618,85,4,44.86
35,171,149,4,18.5
36,360,7,4,85.03
37,44,75,3,87.64
38,630,61,4,104.28
39,282,79,1,114.84
40,77,61,4,104.28
41,373,117,5,102.65
42,821,94,2,62.3
43,976,2,1,81.9
44,147,44,5,54.94
45,695,118,4,30.19
46,36,120,2,44.7
47,69,31,2,35.42
48,798,25,3,60.14
49,371,149,4,18.5
50,973,3,5,89.1
51,34,8,5,93.7
52,158,83,4,19.78
53,972,81,3,102.43
54,381,78,4,27.67
55,782,145,1,74.42
56,588,149,2,18.5
57,543,101,3,19.19
58,408,102,3,24.59
59,666,127,3,106.79
60,256,86,1,116.38
61,27,116,2,67.33
62,512,114,5,72.84
63,397,125,5,89.05
64,121,89,3,27.44
65,794,36,3,79.33
66,721,63,4,82.99
67,220,125,5,89.05
68,293,50,4,29.25
69,205,45,1,104.61
70,139,148,1,109.86
71,463,109,2,105.82
72,921,100,4,67.55
73,90,132,3,22.18
74,684,78,3,27.67
75,727,145,1,74.42
76,564,48,5,111.55
77,298,27,3,84.18
78,872,67,2,104.43
79,729,121,2,61.89
80,813,82,3,46.74
81,521,19,2,112.19
82,125,110,2,20.69
83,812,128,2,90.86
84,243,48,4,111.55
85,27,146,3,96.45
86,568,25,5,60.14
87,378,53,4,102.67
88,823,22,5,49.25
89,133,140,5,86.15
90,906,64,1,60.52
91,68,25,3,60.14
92,408,71,4,88.62
93,539,35,4,85.1
94,788,7,4,85.03
95,844,55,5,35.93
96,76,138,2,110.85
97,996,34,3,73.53
98,658,146,1,96.45
99,461,136,4,70.77
100,697,122,5,95.1
101,353,108,2,24.25
102,900,54,5,38.54
103,656,121,5,61.89
104,187,85,2,44.86
105,444,1,5,102.08
106,933,111,1,94.8
107,852,92,1,80.68
108,531,24,2,72.53
109,312,43,2,21.54
110,166,48,3,111.55
111,958,8,2,93.7
112,355,93,5,33.25
113,917,132,3,22.18
114,867,82,1,46.74
115,257,28,2,100.93
116,651,34,5,73.53
117,282,106,2,105.06
118,641,142,3,103.76
119,630,10,5,43.01
120,96,98,5,22.5
121,657,82,2,46.74
122,607,143,5,39.91
123,158,67,2,104.43
124,675,47,5,50.29
125,738,117,5,102.65
126,346,62,5,70.94
127,43,141,1,118.7
128,84,108,1,24.25
129,972,119,5,44.01
130,272,35,2,85.1
131,786,81,5,102.43
132,427,82,5,46.74
133,655,79,1,114.84
134,510,60,5,77.17
135,297,70,3,52.26
136,495,68,2,93.8
137,825,86,4,116.38
138,305,81,4,102.43
139,75,69,1,18.01
140,162,50,4,29.25
141,426,129,4,97.06
142,476,29,2,30.47
143,349,42,5,58.56
144,148,27,3,84.18
145,883,74,3,98.26
146,752,60,3,77.17
147,999,82,4,46.74
148,134,71,3,88.62
149,528,5,5,76.16
150,109,76,3,73.11
151,248,43,4,21.54
152,126,33,3,37.98
153,461,95,2,39.31
154,145,29,1,30.47
155,52,15,3,27.11
156,969,129,4,97.06
157,885,98,5,22.5
158,429,68,2,93.8
159,986,111,2,94.8
160,834,1,3,102.08
161,957,48,5,111.55
162,739,99,3,28.06
163,195,9,2,17.6
164,511,83,5,19.78
165,479,91,4,74.71
166,901,137,3,23.29
167,510,82,1,46.74
168,93,18,4,34.96
169,518,94,4,62.3
170,990,147,2,81.84
171,221,23,5,59.15
172,362,121,1,61.89
173,52,145,3,74.42
174,507,149,5,18.5
175,904,6,4,47.37
176,293,27,5,84.18
177,9,50,1,29.25
178,442,143,2,39.91
179,904,141,3,118.7
180,745,64,3,60.52
181,783,37,4,61.82
182,375,21,1,90.57
183,411,104,1,34.06
184,584,122,5,95.1
185,200,22,3,49.25
186,567,83,3,19.78
187,76,144,4,17.3
188,517,138,4,110.85
189,783,88,5,30.67
190,287,119,5,44.01
191,697,61,5,104.28
192,122,78,2,27.67
193,999,7,1,85.03
194,404,6,3,47.37
195,814,92,3,80.68
196,572,85,3,44.86
197,774,3,2,89.1
198,204,87,5,57.07
199,522,50,4,29.25
200,513,76,1,73.11
201,47,99,1,28.06
202,141,12,3,47.05
203,824,100,4,67.55
204,532,20,4,22.35
205,153,133,5,60.57
206,915,43,5,21.54
207,144,54,3,38.54
208,954,48,5,111.55
209,327,37,2,61.82
210,403,119,5,44.01
211,758,135,3,45.8
212,608,120,3,44.7
213,520,131,5,80.81
214,546,86,4,116.38
215,726,147,5,81.84
216,307,57,4,88.44
217,836,3,1,89.1
218,378,97,3,27.05
219,690,148,1,109.86
220,427,101,5,19.19
221,316,69,1,18.01
222,612,11,4,105.15
223,272,49,5,77.15
224,592,142,2,103.76
225,739,96,1,87.18
226,598,12,4,47.05
227,175,91,5,74.71
228,645,56,5,28.25
229,794,96,4,87.18
230,152,50,2,29.25
231,33,93,5,33.25
232,971,102,1,24.59
233,196,117,1,102.65
234,452,45,3,104.61
235,429,93,2,33.25
236,423,57,2,88.44
237,421,12,5,47.05
238,794,15,5,27.11
239,943,135,4,45.8
240,894,88,1,30.67
241,723,140,2,86.15
242,532,142,2,103.76
243,575,140,3,86.15
244,679,78,4,27.67
245,539,14,4,82.36
246,322,17,2,78.65
247,471,9,5,17.6
248,351,148,5,109.86
249,363,134,3,87.87
250,625,77,4,88.8
251,197,89,2,27.44
252,286,93,5,33.25
253,306,150,2,49.31
254,965,33,3,37.98
255,790,99,3,28.06
256,722,81,2,102.43
257,707,133,4,60.57
258,325,68,4,93.8
259,358,41,5,39.28
260,957,86,3,116.38
261,295,123,1,117.98
262,588,82,5,46.74
263,389,132,4,22.18
264,839,140,3,86.15
265,978,25,2,60.14
266,298,141,1,118.7
267,295,22,1,49.25
268,355,95,4,39.31
269,672,143,3,39.91
270,766,129,4,97.06
271,220,60,2,77.17
272,848,17,5,78.65
273,278,142,5,103.76
274,713,10,3,43.01
275,141,127,1,106.79
276,631,104,5,34.06
277,246,98,2,22.5
278,52,68,5,93.8
279,232,129,2,97.06
280,54,126,1,116.31
281,424,5,3,76.16
282,735,139,4,63.25
283,103,95,2,39.31
284,6,47,5,50.29
285,952,104,2,34.06
286,417,31,4,35.42
287,489,46,2,38.04
288,775,99,3,28.06
289,329,135,3,45.8
290,662,141,1,118.7
291,930,52,1,94.93
292,668,85,5,44.86
293,238,49,5,77.15
294,757,106,1,105.06
295,936,117,2,102.65
296,428,17,2,78.65
297,957,1,1,102.08
298,857,120,4,44.7
299,807,75,4,87.64
300,191,26,3,61.39
301,898,88,1,30.67
302,10,74,3,98.26
303,582,111,5,94.8
304,110,54,3,38.54
305,292,10,4,43.01
306,657,115,5,119.19
307,537,96,4,87.18
308,911,71,2,88.62
309,872,92,5,80.68
310,480,47,3,50.29
311,198,128,1,90.86
312,339,130,2,104.44
313,749,108,4,24.25
314,664,53,3,102.67
315,736,82,2,46.74
316,15,35,3,85.1
317,810,52,3,94.93
318,582,111,2,94.8
319,180,14,5,82.36
320,877,91,4,74.71
321,847,61,4,104.28
322,528,34,3,73.53
323,89,83,4,19.78
324,686,72,1,114.55
325,190,116,2,67.33
326,489,115,3,119.19
327,959,31,2,35.42
328,7,36,3,79.33
329,393,114,2,72.84
330,458,113,3,117.18
331,977,16,3,26.38
332,310,3,5,89.1
333,741,146,5,96.45
334,12,88,3,30.67
335,670,127,3,106.79
336,710,10,2,43.01
337,64,125,1,89.05
338,477,18,3,34.96
339,164,128,4,90.86
340,703,144,5,17.3
341,946,145,3,74.42
342,707,83,1,19.78
343,655,77,3,88.8
344,377,10,5,43.01
345,227,130,2,104.44
346,981,95,2,39.31
347,490,94,2,62.3
348,466,125,5,89.05
349,383,137,4,23.29
350,719,51,5,54.81
351,935,145,4,74.42
352,776,26,5,61.39
353,822,16,2,26.38
354,781,95,2,39.31
355,697,9,5,17.6
356,895,125,1,89.05
357,539,70,4,52.26
358,541,129,3,97.06
359,80,145,5,74.42
360,115,4,1,114.23
361,849,27,5,84.18
362,925,122,5,95.1
363,208,68,5,93.8
364,550,76,2,73.11
365,169,45,3,104.61
366,875,23,5,59.15
367,453,30,1,104.22
368,697,108,2,24.25
369,735,10,5,43.01
370,501,112,1,61
371,921,43,5,21.54
372,457,135,1,45.8
373,465,136,2,70.77
374,526,141,4,118.7
375,468,98,5,22.5
376,60,74,5,98.26
377,474,22,3,49.25
378,741,149,1,18.5
379,406,11,3,105.15
380,837,64,1,60.52
381,764,141,2,118.7
382,593,56,1,28.25
383,47,76,4,73.11
384,353,20,1,22.35
385,555,37,1,61.82
386,958,91,1,74.71
387,957,57,4,88.44
388,33,17,3,78.65
389,419,133,2,60.57
390,788,137,2,23.29
391,785,24,4,72.53
392,384,115,4,119.19
393,460,122,4,95.1
394,385,84,1,81.98
395,700,74,5,98.26
396,137,122,3,95.1
397,122,17,2,78.65
398,551,142,4,103.76
399,542,124,2,104.88
400,746,148,2,109.86
401,855,106,1,105.06
402,775,60,1,77.17
403,306,58,4,116.3
404,690,23,5,59.15
405,435,133,5,60.57
406,389,89,2,27.44
407,254,38,4,93.94
408,355,109,2,105.82
409,283,142,2,103.76
410,960,140,1,86.15
411,33,112,4,61
412,630,63,1,82.99
413,247,33,2,37.98
414,69,31,1,35.42
415,609,123,1,117.98
416,458,69,5,18.01
417,689,124,1,104.88
418,251,70,1,52.26
419,412,39,4,43.83
420,240,28,5,100.93
421,223,75,1,87.64
422,144,24,5,72.53
423,297,68,2,93.8
424,836,130,5,104.44
425,327,127,5,106.79
426,613,60,3,77.17
427,243,10,3,43.01
428,898,54,2,38.54
429,677,110,5,20.69
430,227,41,4,39.28
431,308,1,3,102.08
432,63,71,5,88.62
433,972,115,5,119.19
434,901,124,2,104.88
435,642,41,4,39.28
436,570,43,4,21.54
437,49,81,3,102.43
438,965,102,4,24.59
439,805,45,5,104.61
440,327,32,4,40.62
441,419,64,2,60.52
442,308,105,4,64.35
443,189,132,5,22.18
444,485,146,2,96.45
445,870,121,2,61.89
446,308,45,2,104.61
447,826,142,4,103.76
448,937,103,1,75.51
449,576,109,4,105.82
450,992,22,4,49.25
451,571,33,5,37.98
452,138,41,4,39.28
453,249,55,3,35.93
454,209,26,3,61.39
455,663,40,1,50.26
456,945,124,4,104.88
457,868,37,3,61.82
458,95,149,5,18.5
459,742,119,2,44.01
460,53,63,3,82.99
461,387,101,5,19.19
462,618,23,1,59.15
463,895,61,1,104.28
464,193,127,5,106.79
465,742,34,5,73.53
466,223,42,4,58.56
467,214,20,3,22.35
468,311,121,1,61.89
469,217,105,2,64.35
470,986,93,1,33.25
471,765,8,4,93.7
472,937,58,2,116.3
473,713,90,5,54.94
474,721,51,2,54.81
475,407,134,2,87.87
476,566,143,3,39.91
477,795,113,3,117.18
478,390,11,4,105.15
479,547,52,3,94.93
480,316,97,3,27.05
481,369,7,5,85.03
482,904,113,4,117.18
483,478,11,1,105.15
484,823,134,4,87.87
485,780,90,3,54.94
486,937,58,2,116.3
487,380,55,3,35.93
488,424,150,1,49.31
489,577,61,2,104.28
490,760,56,2,28.25
491,17,19,3,112.19
492,567,135,5,45.8
493,594,139,4,63.25
494,303,25,2,60.14
495,201,60,3,77.17
496,236,142,4,103.76
497,584,48,2,111.55
498,512,38,5,93.94
499,671,77,3,88.8
500,264,98,4,22.5
501,990,76,4,73.11
502,472,69,2,18.01
503,751,94,3,62.3
504,174,32,2,40.62
505,738,44,5,54.94
506,501,143,2,39.91
507,939,56,5,28.25
508,658,57,1,88.44
509,537,35,1,85.1
510,860,26,1,61.39
511,968,64,1,60.52
512,783,83,1,19.78
513,423,141,2,118.7
514,863,129,2,97.06
515,70,10,2,43.01
516,10,50,2,29.25
517,518,53,4,102.67
518,383,139,1,63.25
519,633,30,5,104.22
520,935,22,4,49.25
521,676,20,4,22.35
522,17,22,1,49.25
523,545,23,5,59.15
524,422,57,1,88.44
525,18,70,5,52.26
526,740,131,3,80.81
527,549,117,3,102.65
528,18,74,5,98.26
529,833,11,4,105.15
530,826,138,2,110.85
531,110,67,1,104.43
532,537,7,2,85.03
533,247,54,2,38.54
534,635,26,5,61.39
535,259,50,3,29.25
536,274,121,4,61.89
537,81,17,3,78.65
538,983,28,4,100.93
539,471,20,5,22.35
540,250,10,2,43.01
541,308,16,1,26.38
542,670,1,1,102.08
543,96,89,4,27.44
544,389,98,4,22.5
545,566,51,4,54.81
546,58,37,1,61.82
547,720,68,2,93.8
548,85,148,4,109.86
549,866,51,4,54.81
550,661,53,3,102.67
551,580,73,1,73.29
552,917,86,5,116.38
553,942,54,1,38.54
554,236,70,2,52.26
555,923,73,5,73.29
556,487,86,3,116.38
557,48,56,1,28.25
558,701,47,3,50.29
559,921,147,5,81.84
560,578,49,1,77.15
561,184,75,3,87.64
562,17,81,2,102.43
563,602,51,2,54.81
564,771,99,4,28.06
565,952,61,1,104.28
566,307,55,2,35.93
567,578,137,2,23.29
568,581,84,4,81.98
569,694,86,5,116.38
570,340,142,4,103.76
571,774,8,2,93.7
572,810,8,1,93.7
573,513,90,3,54.94
574,55,91,1,74.71
575,448,6,2,47.37
576,859,96,1,87.18
577,349,28,5,100.93
578,788,17,5,78.65
579,978,33,5,37.98
580,407,80,3,92.55
581,31,52,3,94.93
582,803,12,4,47.05
583,503,24,2,72.53
584,365,121,5,61.89
585,964,70,4,52.26
586,443,37,2,61.82
587,697,134,5,87.87
588,677,77,4,88.8
589,88,17,5,78.65
590,303,78,2,27.67
591,731,132,1,22.18
592,85,148,3,109.86
593,158,103,4,75.51
594,729,85,2,44.86
595,758,25,4,60.14
596,325,133,3,60.57
597,110,119,1,44.01
598,6,57,3,88.44
599,456,106,3,105.06
600,780,97,3,27.05
601,105,102,2,24.59
602,90,94,2,62.3
603,442,65,4,33.49
604,571,23,5,59.15
605,525,31,4,35.42
606,106,120,1,44.7
607,92,57,3,88.44
608,568,60,1,77.17
609,612,6,5,47.37
610,804,82,3,46.74
611,885,34,4,73.53
612,13,47,3,50.29
613,424,142,4,103.76
614,798,102,1,24.59
615,743,16,5,26.38
616,927,77,2,88.8
617,586,49,5,77.15
618,174,79,4,114.84
619,174,99,2,28.06
620,276,98,3,22.5
621,275,58,4,116.3
622,150,88,1,30.67
623,172,108,4,24.25
624,283,150,4,49.31
625,307,134,4,87.87
626,802,42,1,58.56
627,370,85,3,44.86
628,967,137,2,23.29
629,739,102,4,24.59
630,609,71,5,88.62
631,201,60,4,77.17
632,110,124,2,104.88
633,312,54,1,38.54
634,972,33,4,37.98
635,341,107,5,84.57
636,390,69,3,18.01
637,451,72,3,114.55
638,441,23,5,59.15
639,140,131,3,80.81
640,329,84,5,81.98
641,971,24,2,72.53
642,491,42,3,58.56
643,182,139,4,63.25
644,992,57,3,88.44
645,299,19,4,112.19
646,991,57,5,88.44
647,801,146,2,96.45
648,334,11,4,105.15
649,288,142,4,103.76
650,374,54,1,38.54
651,955,75,5,87.64
652,205,55,5,35.93
653,559,40,2,50.26
654,699,75,5,87.64
655,28,67,4,104.43
656,966,133,2,60.57
657,449,65,3,33.49
658,852,54,1,38.54
659,839,68,4,93.8
660,690,76,4,73.11
661,143,62,3,70.94
662,248,130,3,104.44
663,675,123,2,117.98
664,733,118,4,30.19
665,809,37,4,61.82
666,76,94,4,62.3
667,613,50,4,29.25
668,597,105,4,64.35
669,548,107,5,84.57
670,946,67,4,104.43
671,557,133,1,60.57
672,810,25,3,60.14
673,719,15,5,27.11
674,609,68,1,93.8
675,112,73,2,73.29
676,674,70,3,52.26
677,171,38,5,93.94
678,46,29,5,30.47
679,661,5,4,76.16
680,991,85,3,44.86
681,989,60,4,77.17
682,109,20,1,22.35
683,101,53,3,102.67
684,228,125,5,89.05
685,765,41,5,39.28
686,572,52,5,94.93
687,705,42,5,58.56
688,227,6,4,47.37
689,384,50,4,29.25
690,475,42,5,58.56
691,708,40,5,50.26
692,155,103,3,75.51
693,26,106,4,105.06
694,108,86,3,116.38
695,426,45,1,104.61
696,119,118,2,30.19
697,357,18,3,34.96
698,352,54,4,38.54
699,804,109,2,105.82
700,534,135,4,45.8
701,357,67,4,104.43
702,100,124,4,104.88
703,740,116,4,67.33
704,327,132,1,22.18
705,308,100,1,67.55
706,830,42,1,58.56
707,24,3,3,89.1
708,664,95,1,39.31
709,694,110,2,20.69
710,953,29,2,30.47
711,529,94,2,62.3
712,566,111,2,94.8
713,339,56,5,28.25
714,437,53,4,102.67
715,238,83,4,19.78
716,645,127,2,106.79
717,191,28,4,100.93
718,406,105,1,64.35
719,756,40,5,50.26
720,905,129,2,97.06
721,461,122,5,95.1
722,440,59,4,75.46
723,5,144,2,17.3
724,211,139,3,63.25
725,771,112,1,61
726,592,80,1,92.55
727,819,86,5,116.38
728,192,82,3,46.74
729,334,141,2,118.7
730,469,25,1,60.14
731,269,61,4,104.28
732,541,112,3,61
733,612,18,4,34.96
734,626,2,4,81.9
735,602,51,1,54.81
736,357,48,3,111.55
737,866,127,4,106.79
738,633,43,2,21.54
739,834,48,3,111.55
740,941,94,5,62.3
741,605,5,1,76.16
742,689,43,2,21.54
743,321,123,1,117.98
744,245,45,3,104.61
745,120,3,2,89.1
746,383,62,2,70.94
747,524,13,4,56.84
748,429,48,5,111.55
749,142,150,5,49.31
750,393,94,4,62.3
751,191,147,4,81.84
752,651,73,5,73.29
753,711,5,2,76.16
754,569,40,2,50.26
755,502,90,3,54.94
756,144,106,2,105.06
757,323,107,4,84.57
758,635,52,1,94.93
759,887,64,3,60.52
760,975,37,1,61.82
761,497,142,2,103.76
762,200,150,4,49.31
763,987,32,5,40.62
764,518,35,4,85.1
765,419,60,4,77.17
766,426,37,4,61.82
767,501,68,2,93.8
768,85,135,5,45.8
769,32,141,2,118.7
770,300,150,1,49.31
771,282,26,2,61.39
772,551,67,3,104.43
773,173,146,4,96.45
774,580,37,4,61.82
775,563,88,5,30.67
776,116,69,5,18.01
777,117,149,3,18.5
778,794,5,5,76.16
779,844,26,3,61.39
780,556,84,1,81.98
781,779,37,4,61.82
782,560,11,2,105.15
783,436,58,1,116.3
784,754,98,2,22.5
785,305,23,1,59.15
786,461,104,3,34.06
787,357,76,1,73.11
788,450,40,1,50.26
789,795,109,2,105.82
790,215,40,5,50.26
791,706,48,3,111.55
792,882,79,5,114.84
793,648,90,4,54.94
794,170,104,5,34.06
795,143,53,2,102.67
796,834,124,2,104.88
797,825,53,1,102.67
798,584,2,3,81.9
799,546,87,3,57.07
800,612,133,5,60.57
801,173,18,3,34.96
802,721,38,3,93.94
803,297,89,5,27.44
804,274,136,5,70.77
805,922,116,1,67.33
806,139,105,4,64.35
807,941,45,1,104.61
808,284,135,2,45.8
809,719,29,2,30.47
810,256,96,2,87.18
811,729,135,3,45.8
812,849,70,2,52.26
813,780,138,4,110.85
814,502,56,2,28.25
815,592,120,3,44.7
816,643,45,4,104.61
817,385,19,4,112.19
818,78,128,1,90.86
819,413,17,5,78.65
820,768,5,3,76.16
821,712,25,3,60.14
822,466,12,4,47.05
823,336,64,5,60.52
824,3,29,1,30.47
825,749,147,4,81.84
826,651,49,3,77.15
827,871,32,1,40.62
828,815,106,5,105.06
829,408,146,2,96.45
830,992,128,4,90.86
831,845,137,2,23.29
832,507,144,3,17.3
833,331,18,3,34.96
834,346,107,5,84.57
835,592,110,2,20.69
836,580,149,4,18.5
837,808,4,3,114.23
838,916,31,1,35.42
839,48,28,1,100.93
840,642,122,4,95.1
841,17,132,1,22.18
842,952,60,2,77.17
843,452,108,4,24.25
844,1,63,4,82.99
845,208,2,2,81.9
846,904,126,3,116.31
847,163,123,3,117.98
848,96,73,3,73.29
849,257,3,1,89.1
850,381,30,2,104.22
851,54,67,4,104.43
852,641,113,3,117.18
853,744,69,2,18.01
854,440,149,1,18.5
855,721,69,1,18.01
856,2,142,2,103.76
857,489,113,1,117.18
858,136,114,5,72.84
859,232,122,5,95.1
860,697,39,4,43.83
861,10,53,1,102.67
862,713,146,3,96.45
863,837,34,1,73.53
864,881,76,4,73.11
865,711,61,2,104.28
866,490,38,1,93.94
867,235,19,4,112.19
868,92,81,1,102.43
869,106,94,3,62.3
870,377,91,3,74.71
871,141,71,4,88.62
872,793,81,2,102.43
873,657,78,2,27.67
874,71,74,5,98.26
875,577,60,1,77.17
876,625,12,2,47.05
877,451,122,3,95.1
878,740,112,2,61
879,644,118,2,30.19
880,942,10,4,43.01
881,631,54,4,38.54
882,881,93,2,33.25
883,89,141,1,118.7
884,144,30,1,104.22
885,604,35,4,85.1
886,360,72,4,114.55
887,323,129,2,97.06
888,254,33,3,37.98
889,661,52,1,94.93
890,255,53,5,102.67
891,616,103,5,75.51
892,739,97,5,27.05
893,292,51,1,54.81
894,869,99,3,28.06
895,211,103,5,75.51
896,622,135,5,45.8
897,194,137,4,23.29
898,303,19,1,112.19
899,803,122,2,95.1
900,507,34,4,73.53
901,116,87,2,57.07
902,512,141,5,118.7
903,73,38,5,93.94
904,911,65,1,33.49
905,370,79,3,114.84
906,136,35,4,85.1
907,882,23,5,59.15
908,431,60,3,77.17
909,560,60,2,77.17
910,782,94,4,62.3
911,978,75,1,87.64
912,18,148,5,109.86
913,70,53,1,102.67
914,269,37,2,61.82
915,41,84,1,81.98
916,972,9,4,17.6
917,519,83,3,19.78
918,644,7,5,85.03
919,786,27,4,84.18
920,434,9,4,17.6
921,85,55,5,35.93
922,551,119,5,44.01
923,157,68,3,93.8
924,86,93,3,33.25
925,81,115,5,119.19
926,944,48,2,111.55
927,998,131,2,80.81
928,550,35,3,85.1
929,401,137,5,23.29
930,650,36,1,79.33
931,318,47,4,50.29
932,748,93,2,33.25
933,60,114,2,72.84
934,89,43,4,21.54
935,119,82,4,46.74
936,627,19,5,112.19
937,57,51,3,54.81
938,683,102,2,24.59
939,123,58,1,116.3
940,725,17,2,78.65
941,719,107,1,84.57
942,168,30,4,104.22
943,976,62,3,70.94
944,536,23,5,59.15
945,802,41,3,39.28
946,171,40,3,50.26
947,130,38,3,93.94
948,751,125,1,89.05
949,790,33,1,37.98
950,344,25,4,60.14
951,279,124,5,104.88
952,66,149,3,18.5
953,730,5,5,76.16
954,643,62,1,70.94
955,509,10,4,43.01
956,524,111,3,94.8
957,57,19,4,112.19
958,880,1,5,102.08
959,171,122,3,95.1
960,162,145,3,74.42
961,792,30,1,104.22
962,916,131,5,80.81
963,691,68,1,93.8
964,234,46,5,38.04
965,3,123,1,117.98
966,880,115,1,119.19
967,251,110,1,20.69
968,484,149,3,18.5
969,393,146,2,96.45
970,184,21,1,90.57
971,567,81,4,102.43
972,230,123,3,117.98
973,255,115,4,119.19
974,938,27,3,84.18
975,278,113,1,117.18
976,586,121,3,61.89
977,123,125,5,89.05
978,690,111,1,94.8
979,184,78,2,27.67
980,824,104,5,34.06
981,48,125,4,89.05
982,71,143,4,39.91
983,887,149,3,18.5
984,793,122,3,95.1
985,336,90,1,54.94
986,567,88,4,30.67
987,9,66,3,60.74
988,206,14,3,82.36
989,578,66,3,60.74
990,758,122,5,95.1
991,249,125,4,89.05
992,378,128,5,90.86
993,996,26,4,61.39
994,792,5,2,76.16
995,751,25,5,60.14
996,779,98,2,22.5
997,155,64,1,60.52
998,955,41,4,39.28
999,25,149,2,18.5
1000,555,46,3,38.04
1001,652,67,1,104.43
1002,974,48,3,111.55
1003,2,101,4,19.19
1004,870,111,3,94.8
1005,107,136,2,70.77
1006,543,36,2,79.33
1007,430,135,4,45.8
1008,985,66,1,60.74
1009,996,93,2,33.25
1010,729,107,3,84.57
1011,96,95,1,39.31
1012,944,57,2,88.44
1013,919,38,5,93.94
1014,423,87,3,57.07
1015,470,89,1,27.44
1016,595,10,1,43.01
1017,518,40,2,50.26
1018,653,1,4,102.08
1019,77,105,5,64.35
1020,582,127,1,106.79
1021,446,113,2,117.18
1022,243,85,3,44.86
1023,268,46,3,38.04
1024,949,138,4,110.85
1025,718,32,3,40.62
1026,326,7,4,85.03
1027,279,131,2,80.81
1028,77,68,2,93.8
1029,140,139,5,63.25
1030,112,27,2,84.18
1031,109,8,2,93.7
1032,461,78,4,27.67
1033,322,38,4,93.94
1034,124,91,5,74.71
1035,367,71,2,88.62
1036,463,12,3,47.05
1037,475,57,3,88.44
1038,873,23,1,59.15
1039,93,63,2,82.99
1040,827,66,3,60.74
1041,847,81,5,102.43
1042,42,107,2,84.57
1043,856,116,3,67.33
1044,152,114,1,72.84
1045,729,114,2,72.84
1046,992,99,3,28.06
1047,406,100,5,67.55
1048,51,86,3,116.38
1049,267,150,2,49.31
1050,32,123,4,117.98
1051,876,111,4,94.8
1052,570,126,5,116.31
1053,256,118,1,30.19
1054,474,81,1,102.43
1055,824,36,2,79.33
1056,125,97,1,27.05
1057,64,76,2,73.11
1058,134,98,2,22.5
1059,844,117,4,102.65
1060,382,24,1,72.53
1061,597,121,5,61.89
1062,266,90,1,54.94
1063,23,54,1,38.54
1064,203,92,4,80.68
1065,829,95,2,39.31
1066,95,44,3,54.94
1067,126,85,1,44.86
1068,965,88,4,30.67
1069,52,124,2,104.88
1070,947,110,5,20.69
1071,444,54,4,38.54
1072,509,111,1,94.8
1073,392,28,4,100.93
1074,177,107,3,84.57
1075,220,131,2,80.81
1076,282,15,3,27.11
1077,457,24,2,72.53
1078,36,46,5,38.04
1079,635,106,5,105.06
1080,252,102,3,24.59
1081,511,96,4,87.18
1082,904,53,5,102.67
1083,491,67,1,104.43
1084,90,79,3,114.84
1085,393,40,2,50.26
1086,430,124,2,104.88
1087,659,127,5,106.79
1088,256,30,5,104.22
1089,814,56,1,28.25
1090,392,95,3,39.31
1091,492,116,5,67.33
1092,801,38,4,93.94
1093,353,123,5,117.98
1094,515,22,3,49.25
1095,398,101,3,19.19
1096,185,97,1,27.05
1097,327,58,5,116.3
1098,225,103,1,75.51
1099,918,83,3,19.78
1100,60,143,4,39.91
1101,543,62,3,70.94
1102,786,23,5,59.15
1103,239,21,2,90.57
1104,103,88,2,30.67
1105,673,138,2,110.85
1106,273,122,5,95.1
1107,836,148,1,109.86
1108,783,38,2,93.94
1109,590,134,4,87.87
1110,364,124,2,104.88
1111,181,60,2,77.17
1112,607,137,3,23.29
1113,826,61,3,104.28
1114,936,38,5,93.94
1115,29,29,3,30.47
1116,971,102,5,24.59
1117,578,49,2,77.15
1118,577,22,2,49.25
1119,857,13,4,56.84
1120,556,93,3,33.25
1121,180,17,4,78.65
1122,39,116,1,67.33
1123,58,59,2,75.46
1124,617,102,2,24.59
1125,21,25,5,60.14
1126,490,116,1,67.33
1127,340,73,5,73.29
1128,207,70,2,52.26
1129,349,112,2,61
1130,941,27,3,84.18
1131,61,47,1,50.29
1132,152,13,5,56.84
1133,722,31,2,35.42
1134,793,115,1,119.19
1135,867,24,5,72.53
1136,882,10,3,43.01
1137,984,79,1,114.84
1138,383,70,4,52.26
1139,601,147,1,81.84
1140,345,120,3,44.7
1141,331,62,2,70.94
1142,1000,39,2,43.83
1143,750,129,4,97.06
1144,811,71,4,88.62
1145,665,27,3,84.18
1146,179,78,5,27.67
1147,711,119,5,44.01
1148,806,99,3,28.06
1149,229,97,5,27.05
1150,835,66,2,60.74
1151,388,67,3,104.43
1152,752,136,3,70.77
1153,131,12,2,47.05
1154,747,129,1,97.06
1155,972,125,5,89.05
1156,401,107,5,84.57
1157,34,121,2,61.89
1158,617,126,3,116.31
1159,944,105,5,64.35
1160,227,129,5,97.06
1161,107,58,4,116.3
1162,145,91,3,74.71
1163,764,117,1,102.65
1164,244,23,3,59.15
1165,328,128,2,90.86
1166,652,49,1,77.15
1167,842,90,3,54.94
1168,458,28,1,100.93
1169,272,23,2,59.15
1170,256,22,1,49.25
1171,359,88,3,30.67
1172,806,6,1,47.37
1173,738,35,1,85.1
1174,50,30,4,104.22
1175,449,125,4,89.05
1176,993,125,2,89.05
1177,906,50,4,29.25
1178,505,14,4,82.36
1179,360,100,5,67.55
1180,385,71,1,88.62
1181,849,78,4,27.67
1182,808,37,5,61.82
1183,667,74,2,98.26
1184,167,147,4,81.84
1185,76,120,1,44.7
1186,302,4,1,114.23
1187,327,55,3,35.93
1188,975,111,1,94.8
1189,76,39,3,43.83
1190,175,118,4,30.19
1191,165,45,1,104.61
1192,561,94,1,62.3
1193,347,60,5,77.17
1194,629,84,4,81.98
1195,722,134,1,87.87
1196,442,11,2,105.15
1197,622,105,4,64.35
1198,161,12,1,47.05
1199,104,45,3,104.61
1200,211,92,2,80.68
1201,420,85,5,44.86
1202,740,58,5,116.3
1203,272,20,3,22.35
1204,305,113,2,117.18
1205,99,4,1,114.23
1206,403,7,5,85.03
1207,563,80,4,92.55
1208,158,105,1,64.35
1209,370,62,1,70.94
1210,438,51,1,54.81
1211,302,74,5,98.26
1212,492,16,2,26.38
1213,100,33,1,37.98
1214,212,88,2,30.67
1215,654,63,3,82.99
1216,84,127,4,106.79
1217,865,135,1,45.8
1218,316,69,4,18.01
1219,483,27,4,84.18
1220,917,42,3,58.56
1221,94,15,5,27.11
1222,397,101,2,19.19
1223,380,48,4,111.55
1224,379,109,2,105.82
1225,457,98,1,22.5
1226,270,18,4,34.96
1227,477,62,3,70.94
1228,232,118,3,30.19
1229,578,59,1,75.46
1230,155,35,1,85.1
1231,88,89,3,27.44
1232,828,128,5,90.86
1233,424,106,5,105.06
1234,233,110,5,20.69
1235,63,130,4,104.44
1236,839,101,5,19.19
1237,429,61,5,104.28
1238,704,15,4,27.11
1239,587,37,2,61.82
1240,488,3,3,89.1
1241,81,28,4,100.93
1242,925,26,1,61.39
1243,515,59,5,75.46
1244,923,133,5,60.57
1245,820,75,5,87.64
1246,694,15,5,27.11
1247,151,139,1,63.25
1248,973,8,4,93.7
1249,178,112,2,61
1250,996,75,2,87.64
1251,828,107,2,84.57
1252,130,53,1,102.67
1253,434,12,1,47.05
1254,700,149,4,18.5
1255,207,36,2,79.33
1256,855,125,5,89.05
1257,265,73,3,73.29
1258,933,134,1,87.87
1259,90,150,4,49.31
1260,570,20,4,22.35
1261,566,15,3,27.11
1262,878,105,3,64.35
1263,533,32,4,40.62
1264,940,113,1,117.18
1265,806,68,5,93.8
1266,602,61,5,104.28
1267,801,145,4,74.42
1268,116,37,4,61.82
1269,154,9,2,17.6
1270,581,143,5,39.91
1271,597,150,1,49.31
1272,948,147,1,81.84
1273,577,89,1,27.44
1274,805,109,3,105.82
1275,889,123,5,117.98
1276,902,54,3,38.54
1277,899,112,4,61
1278,271,134,4,87.87
1279,671,15,4,27.11
1280,586,115,5,119.19
1281,485,131,1,80.81
1282,177,23,3,59.15
1283,413,103,2,75.51
1284,634,81,5,102.43
1285,698,11,4,105.15
1286,40,56,4,28.25
1287,911,75,3,87.64
1288,708,96,2,87.18
1289,51,113,4,117.18
1290,943,97,3,27.05
1291,919,17,3,78.65
1292,21,60,3,77.17
1293,838,49,3,77.15
1294,319,27,3,84.18
1295,864,89,4,27.44
1296,879,136,1,70.77
1297,996,150,2,49.31
1298,138,57,3,88.44
1299,998,113,4,117.18
1300,793,44,3,54.94
1301,276,95,4,39.31
1302,620,20,1,22.35
1303,193,47,4,50.29
1304,217,47,4,50.29
1305,759,4,4,114.23
1306,778,144,5,17.3
1307,889,116,3,67.33
1308,841,35,1,85.1
1309,528,68,2,93.8
1310,68,104,3,34.06
1311,727,100,5,67.55
1312,414,59,2,75.46
1313,800,17,5,78.65
1314,901,50,5,29.25
1315,30,146,2,96.45
1316,198,106,2,105.06
1317,858,45,1,104.61
1318,256,123,1,117.98
1319,468,76,1,73.11
1320,941,134,3,87.87
1321,722,140,2,86.15
1322,281,14,3,82.36
1323,844,125,4,89.05
1324,518,110,4,20.69
1325,651,7,1,85.03
1326,698,102,1,24.59
1327,248,128,3,90.86
1328,501,87,5,57.07
1329,457,20,2,22.35
1330,984,73,4,73.29
1331,601,97,5,27.05
1332,359,5,3,76.16
1333,168,20,3,22.35
1334,767,84,1,81.98
1335,292,56,1,28.25
1336,396,108,1,24.25
1337,167,119,5,44.01
1338,799,70,2,52.26
1339,878,29,2,30.47
1340,663,92,2,80.68
1341,694,23,2,59.15
1342,276,36,4,79.33
1343,526,60,1,77.17
1344,886,24,1,72.53
1345,486,20,2,22.35
1346,663,42,2,58.56
1347,616,49,1,77.15
1348,230,100,3,67.55
1349,623,117,3,102.65
1350,730,11,3,105.15
1351,434,89,4,27.44
1352,873,27,3,84.18
1353,471,122,3,95.1
1354,224,57,4,88.44
1355,310,25,5,60.14
1356,845,93,5,33.25
1357,407,23,5,59.15
1358,105,52,1,94.93
1359,524,47,3,50.29
1360,575,23,5,59.15
1361,624,88,3,30.67
1362,306,115,1,119.19
1363,494,120,1,44.7
1364,345,6,3,47.37
1365,656,62,3,70.94
1366,883,74,3,98.26
1367,268,123,3,117.98
1368,193,96,2,87.18
1369,530,100,2,67.55
1370,922,6,1,47.37
1371,825,144,5,17.3
1372,414,8,3,93.7
1373,698,12,2,47.05
1374,739,54,1,38.54
1375,672,63,4,82.99
1376,303,7,3,85.03
1377,929,100,4,67.55
1378,415,112,4,61
1379,755,69,1,18.01
1380,598,131,5,80.81
1381,836,92,2,80.68
1382,352,31,2,35.42
1383,703,1,5,102.08
1384,654,139,4,63.25
1385,929,115,3,119.19
1386,520,121,3,61.89
1387,866,11,2,105.15
1388,861,80,5,92.55
1389,186,16,3,26.38
1390,100,35,4,85.1
1391,132,88,3,30.67
1392,743,30,5,104.22
1393,782,144,2,17.3
1394,970,106,3,105.06
1395,671,88,1,30.67
1396,228,108,3,24.25
1397,229,111,3,94.8
1398,431,63,3,82.99
1399,381,30,3,104.22
1400,600,36,3,79.33
1401,475,135,1,45.8
1402,482,50,1,29.25
1403,888,35,5,85.1
1404,595,96,5,87.18
1405,73,41,4,39.28
1406,911,3,2,89.1
1407,513,110,1,20.69
1408,889,132,4,22.18
1409,543,89,3,27.44
1410,424,101,1,19.19
1411,892,48,2,111.55
1412,141,13,2,56.84
1413,351,65,4,33.49
1414,584,137,4,23.29
1415,147,110,3,20.69
1416,884,90,2,54.94
1417,798,105,1,64.35
1418,500,87,3,57.07
1419,647,65,2,33.49
1420,321,41,1,39.28
1421,5,87,4,57.07
1422,281,127,2,106.79
1423,780,147,2,81.84
1424,591,142,2,103.76
1425,502,3,1,89.1
1426,133,69,5,18.01
1427,445,50,4,29.25
1428,414,50,4,29.25
1429,989,144,4,17.3
1430,393,39,1,43.83
1431,39,58,5,116.3
1432,205,61,3,104.28
1433,973,1,1,102.08
1434,914,58,3,116.3
1435,776,39,5,43.83
1436,196,134,1,87.87
1437,693,49,1,77.15
1438,642,16,2,26.38
1439,232,8,3,93.7
1440,320,110,2,20.69
1441,106,48,4,111.55
1442,516,94,5,62.3
1443,314,94,2,62.3
1444,67,90,1,54.94
1445,306,94,3,62.3
1446,467,121,5,61.89
1447,611,92,5,80.68
1448,346,111,4,94.8
1449,910,127,2,106.79
1450,351,91,4,74.71
1451,368,30,2,104.22
1452,169,78,4,27.67
1453,20,107,2,84.57
1454,230,17,2,78.65
1455,217,147,1,81.84
1456,604,9,5,17.6
1457,174,148,1,109.86
1458,376,14,1,82.36
1459,385,144,3,17.3
1460,790,143,5,39.91
1461,639,82,1,46.74
1462,609,41,1,39.28
1463,678,103,1,75.51
1464,670,99,1,28.06
1465,50,127,1,106.79
1466,427,127,4,106.79
1467,390,36,1,79.33
1468,561,115,3,119.19
1469,486,84,2,81.98
1470,211,95,1,39.31
1471,309,36,4,79.33
1472,678,142,1,103.76
1473,679,144,5,17.3
1474,277,124,5,104.88
1475,621,141,2,118.7
1476,429,84,1,81.98
1477,524,134,5,87.87
1478,121,3,3,89.1
1479,117,65,1,33.49
1480,510,52,2,94.93
1481,624,149,2,18.5
1482,797,76,3,73.11
1483,852,89,5,27.44
1484,997,5,2,76.16
1485,367,93,4,33.25
1486,303,64,2,60.52
1487,41,8,5,93.7
1488,509,122,2,95.1
1489,705,56,4,28.25
1490,339,7,2,85.03
1491,3,59,1,75.46
1492,688,137,1,23.29
1493,929,73,1,73.29
1494,856,68,5,93.8
1495,686,113,4,117.18
1496,153,53,1,102.67
1497,799,31,5,35.42
1498,77,23,1,59.15
1499,927,91,3,74.71
1500,660,120,2,44.7
1501,468,134,3,87.87
1502,271,7,4,85.03
1503,52,128,1,90.86
1504,833,30,2,104.22
1505,896,61,1,104.28
1506,873,73,3,73.29
1507,369,18,3,34.96
1508,437,1,1,102.08
1509,98,49,1,77.15
1510,10,115,2,119.19
1511,680,79,2,114.84
1512,337,53,3,102.67
1513,916,65,4,33.49
1514,979,106,5,105.06
1515,275,71,1,88.62
1516,382,1,3,102.08
1517,188,97,1,27.05
1518,411,86,4,116.38
1519,986,83,4,19.78
1520,279,85,4,44.86
1521,707,119,4,44.01
1522,820,143,4,39.91
1523,665,52,2,94.93
1524,116,58,2,116.3
1525,713,85,1,44.86
1526,966,109,2,105.82
1527,107,125,4,89.05
1528,934,82,5,46.74
1529,495,105,5,64.35
1530,695,77,4,88.8
1531,186,75,5,87.64
1532,389,68,3,93.8
1533,627,35,1,85.1
1534,884,119,2,44.01
1535,495,118,4,30.19
1536,116,150,4,49.31
1537,452,150,1,49.31
1538,65,73,3,73.29
1539,671,147,3,81.84
1540,13,121,5,61.89
1541,786,1,5,102.08
1542,742,75,5,87.64
1543,230,145,3,74.42
1544,532,54,5,38.54
1545,705,145,5,74.42
1546,98,77,4,88.8
1547,678,90,2,54.94
1548,494,75,3,87.64
1549,680,8,4,93.7
1550,153,133,5,60.57
1551,914,148,5,109.86
1552,56,32,1,40.62
1553,659,120,2,44.7
1554,518,114,4,72.84
1555,873,31,4,35.42
1556,891,8,2,93.7
1557,77,52,4,94.93
1558,329,34,2,73.53
1559,339,80,3,92.55
1560,52,100,5,67.55
1561,229,145,5,74.42
1562,659,69,4,18.01
1563,413,33,2,37.98
1564,81,64,4,60.52
1565,455,76,5,73.11
1566,459,148,1,109.86
1567,878,70,4,52.26
1568,458,85,3,44.86
1569,122,20,4,22.35
1570,764,130,1,104.44
1571,106,30,4,104.22
1572,423,23,1,59.15
1573,571,30,5,104.22
1574,1,43,1,21.54
1575,811,138,5,110.85
1576,987,8,5,93.7
1577,653,32,3,40.62
1578,912,111,5,94.8
1579,576,95,2,39.31
1580,671,23,4,59.15
1581,974,52,3,94.93
1582,373,114,1,72.84
1583,837,148,2,109.86
1584,865,38,4,93.94
1585,340,123,5,117.98
1586,786,36,5,79.33
1587,615,78,4,27.67
1588,734,82,3,46.74
1589,734,108,4,24.25
1590,117,65,1,33.49
1591,778,124,2,104.88
1592,3,53,3,102.67
1593,364,10,3,43.01
1594,561,78,5,27.67
1595,383,109,1,105.82
1596,47,16,2,26.38
1597,505,75,2,87.64
1598,842,63,4,82.99
1599,110,122,3,95.1
1600,626,134,2,87.87
1601,193,54,1,38.54
1602,953,94,4,62.3
1603,221,91,4,74.71
1604,845,70,2,52.26
1605,734,33,3,37.98
1606,111,128,4,90.86
1607,48,74,5,98.26
1608,127,143,4,39.91
1609,469,141,5,118.7
1610,980,130,5,104.44
1611,138,64,4,60.52
1612,5,15,5,27.11
1613,754,58,1,116.3
1614,567,41,4,39.28
1615,859,140,5,86.15
1616,495,21,5,90.57
1617,800,70,2,52.26
1618,709,80,5,92.55
1619,178,126,2,116.31
1620,107,62,4,70.94
1621,674,32,5,40.62
1622,621,55,3,35.93
1623,517,113,4,117.18
1624,429,21,5,90.57
1625,938,135,2,45.8
1626,281,128,4,90.86
1627,987,32,3,40.62
1628,994,57,3,88.44
1629,464,74,2,98.26
1630,142,119,4,44.01
1631,617,102,5,24.59
1632,307,126,5,116.31
1633,882,48,3,111.55
1634,729,85,5,44.86
1635,648,42,2,58.56
1636,206,75,2,87.64
1637,640,102,3,24.59
1638,704,143,3,39.91
1639,944,49,2,77.15
1640,728,18,2,34.96
1641,516,144,5,17.3
1642,711,60,3,77.17
1643,728,137,1,23.29
1644,780,21,3,90.57
1645,576,147,4,81.84
1646,597,120,5,44.7
1647,966,73,4,73.29
1648,691,95,5,39.31
1649,293,102,4,24.59
1650,828,149,1,18.5
1651,536,146,1,96.45
1652,26,58,4,116.3
1653,149,27,1,84.18
1654,687,71,1,88.62
1655,205,21,3,90.57
1656,769,82,2,46.74
1657,294,10,3,43.01
1658,150,63,1,82.99
1659,708,91,3,74.71
1660,209,144,5,17.3
1661,34,48,3,111.55
1662,834,24,4,72.53
1663,105,18,5,34.96
1664,889,144,5,17.3
1665,886,22,2,49.25
1666,761,1,5,102.08
1667,399,34,2,73.53
1668,524,76,3,73.11
1669,710,99,1,28.06
1670,949,13,4,56.84
1671,397,17,4,78.65
1672,980,1,3,102.08
1673,990,46,5,38.04
1674,56,98,1,22.5
1675,762,55,3,35.93
1676,208,10,5,43.01
1677,890,116,4,67.33
1678,850,17,2,78.65
1679,934,25,3,60.14
1680,774,84,5,81.98
1681,560,121,5,61.89
1682,202,32,2,40.62
1683,302,14,4,82.36
1684,182,4,1,114.23
1685,192,50,2,29.25
1686,753,61,5,104.28
1687,123,121,4,61.89
1688,42,111,4,94.8
1689,286,79,5,114.84
1690,271,41,2,39.28
1691,165,142,5,103.76
1692,867,105,3,64.35
1693,6,59,3,75.46
1694,478,123,2,117.98
1695,41,77,2,88.8
1696,951,97,3,27.05
1697,612,124,1,104.88
1698,793,72,5,114.55
1699,864,134,3,87.87
1700,503,85,5,44.86
1701,564,3,3,89.1
1702,75,4,3,114.23
1703,539,92,2,80.68
1704,980,67,2,104.43
1705,534,114,1,72.84
1706,806,144,5,17.3
1707,164,137,4,23.29
1708,557,126,5,116.31
1709,414,72,1,114.55
1710,358,131,2,80.81
1711,905,63,2,82.99
1712,680,139,3,63.25
1713,340,112,3,61
1714,301,143,2,39.91
1715,974,81,5,102.43
1716,544,123,4,117.98
1717,575,25,1,60.14
1718,118,71,3,88.62
1719,457,57,2,88.44
1720,927,17,5,78.65
1721,941,51,5,54.81
1722,250,115,1,119.19
1723,699,128,3,90.86
1724,391,61,1,104.28
1725,396,2,3,81.9
1726,554,107,3,84.57
1727,26,35,5,85.1
1728,842,119,3,44.01
1729,527,43,5,21.54
1730,457,17,4,78.65
1731,45,108,3,24.25
1732,920,138,2,110.85
1733,329,97,5,27.05
1734,85,78,1,27.67
1735,172,16,5,26.38
1736,547,65,1,33.49
1737,642,15,1,27.11
1738,216,125,2,89.05
1739,886,117,4,102.65
1740,856,150,1,49.31
1741,211,64,5,60.52
1742,849,20,4,22.35
1743,663,46,1,38.04
1744,765,17,2,78.65
1745,25,58,4,116.3
1746,735,135,3,45.8
1747,39,16,1,26.38
1748,76,46,1,38.04
1749,183,18,3,34.96
1750,572,88,1,30.67
1751,589,75,2,87.64
1752,933,47,3,50.29
1753,418,126,4,116.31
1754,462,2,4,81.9
1755,444,28,3,100.93
1756,18,1,4,102.08
1757,690,19,1,112.19
1758,548,129,1,97.06
1759,657,60,5,77.17
1760,65,34,5,73.53
1761,47,62,1,70.94
1762,367,105,5,64.35
1763,109,109,3,105.82
1764,806,3,3,89.1
1765,622,121,1,61.89
1766,289,126,4,116.31
1767,391,45,4,104.61
1768,842,100,1,67.55
1769,486,66,2,60.74
1770,547,147,2,81.84
1771,140,81,4,102.43
1772,816,35,5,85.1
1773,303,52,2,94.93
1774,306,117,3,102.65
1775,981,16,1,26.38
1776,567,27,5,84.18
1777,145,145,1,74.42
1778,43,106,1,105.06
1779,587,150,5,49.31
1780,404,114,5,72.84
1781,561,16,1,26.38
1782,313,39,2,43.83
1783,767,123,3,117.98
1784,217,50,4,29.25
1785,928,21,5,90.57
1786,146,53,2,102.67
1787,189,92,2,80.68
1788,632,49,3,77.15
1789,199,24,1,72.53
1790,186,108,5,24.25
1791,873,128,1,90.86
1792,872,110,5,20.69
1793,473,143,5,39.91
1794,75,96,3,87.18
1795,688,98,1,22.5
1796,257,96,1,87.18
1797,203,59,5,75.46
1798,499,147,3,81.84
1799,366,10,2,43.01
1800,688,73,2,73.29
1801,103,41,3,39.28
1802,635,27,1,84.18
1803,922,44,2,54.94
1804,326,133,4,60.57
1805,462,64,3,60.52
1806,632,89,3,27.44
1807,711,47,5,50.29
1808,157,102,5,24.59
1809,581,28,3,100.93
1810,828,55,3,35.93
1811,982,141,4,118.7
1812,173,60,1,77.17
1813,321,120,2,44.7
1814,805,70,2,52.26
1815,730,59,4,75.46
1816,284,119,3,44.01
1817,138,111,3,94.8
1818,899,54,4,38.54
1819,474,137,4,23.29
1820,368,57,3,88.44
1821,499,83,5,19.78
1822,112,63,2,82.99
1823,662,40,5,50.26
1824,84,129,3,97.06
1825,880,124,2,104.88
1826,913,14,5,82.36
1827,202,5,3,76.16
1828,752,84,1,81.98
1829,745,29,1,30.47
1830,914,143,1,39.91
1831,870,105,5,64.35
1832,647,111,1,94.8
1833,833,103,5,75.51
1834,593,124,4,104.88
1835,788,88,5,30.67
1836,218,132,1,22.18
1837,565,93,3,33.25
1838,557,123,5,117.98
1839,484,90,2,54.94
1840,375,90,4,54.94
1841,229,57,5,88.44
1842,751,40,3,50.26
1843,138,71,4,88.62
1844,514,79,5,114.84
1845,93,126,4,116.31
1846,373,99,5,28.06
1847,11,6,2,47.37
1848,869,68,5,93.8
1849,701,7,2,85.03
1850,776,115,5,119.19
1851,144,149,4,18.5
1852,164,12,2,47.05
1853,580,100,5,67.55
1854,676,6,2,47.37
1855,754,84,4,81.98
1856,962,109,3,105.82
1857,42,46,2,38.04
1858,780,134,4,87.87
1859,238,63,1,82.99
1860,271,123,3,117.98
1861,240,124,1,104.88
1862,685,3,2,89.1
1863,531,126,3,116.31
1864,398,13,4,56.84
1865,940,18,4,34.96
1866,903,7,1,85.03
1867,41,133,3,60.57
1868,106,118,5,30.19
1869,649,139,3,63.25
1870,855,119,3,44.01
1871,593,108,5,24.25
1872,584,7,2,85.03
1873,386,78,4,27.67
1874,375,119,5,44.01
1875,670,61,1,104.28
1876,530,43,3,21.54
1877,386,97,2,27.05
1878,529,83,4,19.78
1879,362,61,3,104.28
1880,499,16,4,26.38
1881,909,60,5,77.17
1882,7,43,5,21.54
1883,904,104,2,34.06
1884,451,143,2,39.91
1885,236,132,1,22.18
1886,527,124,3,104.88
1887,217,36,2,79.33
1888,192,77,2,88.8
1889,371,63,5,82.99
1890,735,73,1,73.29
1891,677,74,2,98.26
1892,425,42,3,58.56
1893,738,45,1,104.61
1894,494,91,4,74.71
1895,491,135,2,45.8
1896,605,7,2,85.03
1897,663,146,4,96.45
1898,23,97,2,27.05
1899,45,95,2,39.31
1900,588,123,5,117.98
1901,165,13,2,56.84
1902,645,20,5,22.35
1903,41,83,5,19.78
1904,151,27,1,84.18
1905,171,26,3,61.39
1906,945,124,2,104.88
1907,530,10,4,43.01
1908,614,55,5,35.93
1909,653,133,1,60.57
1910,900,88,3,30.67
1911,970,82,1,46.74
1912,222,39,4,43.83
1913,622,45,4,104.61
1914,889,137,4,23.29
1915,175,23,2,59.15
1916,851,64,4,60.52
1917,616,100,2,67.55
1918,814,5,5,76.16
1919,841,11,2,105.15
1920,639,41,5,39.28
1921,271,109,2,105.82
1922,742,101,3,19.19
1923,945,138,4,110.85
1924,611,16,5,26.38
1925,71,70,2,52.26
1926,388,19,4,112.19
1927,136,17,1,78.65
1928,17,126,2,116.31
1929,536,14,5,82.36
1930,701,97,4,27.05
1931,847,107,2,84.57
1932,621,91,1,74.71
1933,182,57,4,88.44
1934,924,83,5,19.78
1935,615,114,1,72.84
1936,899,129,5,97.06
1937,516,33,1,37.98
1938,96,15,4,27.11
1939,676,64,2,60.52
1940,924,143,5,39.91
1941,553,17,1,78.65
1942,919,65,4,33.49
1943,535,89,4,27.44
1944,380,28,1,100.93
1945,715,54,5,38.54
1946,440,115,2,119.19
1947,961,113,4,117.18
1948,809,30,4,104.22
1949,359,70,5,52.26
1950,824,87,5,57.07
1951,101,126,4,116.31
1952,138,39,3,43.83
1953,489,69,2,18.01
1954,932,89,1,27.44
1955,291,94,5,62.3
1956,898,129,5,97.06
1957,419,47,3,50.29
1958,194,128,1,90.86
1959,727,118,1,30.19
1960,592,129,5,97.06
1961,121,40,5,50.26
1962,8,95,4,39.31
1963,671,58,2,116.3
1964,705,93,3,33.25
1965,419,32,3,40.62
1966,110,54,2,38.54
1967,437,122,5,95.1
1968,260,35,3,85.1
1969,876,87,5,57.07
1970,434,29,5,30.47
1971,375,41,5,39.28
1972,283,125,4,89.05
1973,774,62,2,70.94
1974,424,82,5,46.74
1975,803,76,5,73.11
1976,495,94,2,62.3
1977,380,110,5,20.69
1978,569,149,4,18.5
1979,260,141,3,118.7
1980,592,138,3,110.85
1981,793,13,4,56.84
1982,754,131,2,80.81
1983,876,51,1,54.81
1984,766,62,2,70.94
1985,458,135,2,45.8
1986,103,68,2,93.8
1987,521,133,4,60.57
1988,805,20,3,22.35
1989,821,108,5,24.25
1990,629,15,1,27.11
1991,165,90,4,54.94
1992,988,76,1,73.11
1993,824,135,1,45.8
1994,844,124,2,104.88
1995,483,13,5,56.84
1996,446,123,1,117.98
1997,66,100,3,67.55
1998,228,43,3,21.54
1999,82,65,5,33.49
2000,39,74,4,98.26
2001,954,51,4,54.81
2002,629,40,5,50.26
2003,294,4,5,114.23
2004,59,114,2,72.84
2005,656,50,4,29.25
2006,450,74,1,98.26
2007,207,144,5,17.3
2008,293,92,2,80.68
2009,35,40,5,50.26
2010,523,135,5,45.8
2011,716,19,2,112.19
2012,630,3,2,89.1
2013,691,118,1,30.19
2014,369,20,2,22.35
2015,671,64,1,60.52
2016,1000,150,2,49.31
2017,89,135,3,45.8
2018,799,89,4,27.44
2019,362,9,4,17.6
2020,416,99,5,28.06
2021,206,71,5,88.62
2022,16,106,1,105.06
2023,942,26,1,61.39
2024,563,7,3,85.03
2025,744,135,5,45.8
2026,937,87,5,57.07
2027,357,109,3,105.82
2028,987,106,3,105.06
2029,232,92,5,80.68
2030,987,147,2,81.84
2031,466,14,4,82.36
2032,589,41,1,39.28
2033,268,68,2,93.8
2034,417,116,5,67.33
2035,110,39,5,43.83
2036,75,128,5,90.86
2037,302,145,3,74.42
2038,970,66,1,60.74
2039,823,131,5,80.81
2040,980,54,3,38.54
2041,898,26,5,61.39
2042,833,142,5,103.76
2043,257,68,4,93.8
2044,990,148,4,109.86
2045,577,113,4,117.18
2046,789,87,2,57.07
2047,776,121,3,61.89
2048,985,133,4,60.57
2049,698,87,4,57.07
2050,919,60,5,77.17
2051,883,63,1,82.99
2052,494,96,1,87.18
2053,265,105,1,64.35
2054,392,69,2,18.01
2055,694,73,2,73.29
2056,820,31,3,35.42
2057,423,7,3,85.03
2058,529,88,5,30.67
2059,10,4,3,114.23
2060,255,121,3,61.89
2061,96,106,4,105.06
2062,690,32,3,40.62
2063,78,133,5,60.57
2064,954,96,2,87.18
2065,488,13,3,56.84
2066,363,11,2,105.15
2067,916,62,5,70.94
2068,276,148,2,109.86
2069,970,104,2,34.06
2070,511,148,2,109.86
2071,241,121,2,61.89
2072,894,134,3,87.87
2073,212,41,2,39.28
2074,208,80,2,92.55
2075,857,119,5,44.01
2076,365,77,2,88.8
2077,798,129,1,97.06
2078,123,123,1,117.98
2079,693,41,4,39.28
2080,629,135,1,45.8
2081,783,134,5,87.87
2082,981,82,1,46.74
2083,869,148,4,109.86
2084,381,35,5,85.1
2085,323,21,4,90.57
2086,920,6,5,47.37
2087,890,15,3,27.11
2088,503,138,2,110.85
2089,783,15,5,27.11
2090,287,116,4,67.33
2091,228,89,5,27.44
2092,132,67,1,104.43
2093,539,45,4,104.61
2094,490,39,5,43.83
2095,34,106,5,105.06
2096,356,92,4,80.68
2097,882,57,2,88.44
2098,469,133,1,60.57
2099,716,69,5,18.01
2100,472,118,3,30.19
2101,706,74,1,98.26
2102,13,59,2,75.46
2103,389,29,5,30.47
2104,104,15,3,27.11
2105,371,55,5,35.93
2106,883,34,3,73.53
2107,192,116,5,67.33
2108,270,36,2,79.33
2109,276,126,4,116.31
2110,982,149,5,18.5
2111,352,44,3,54.94
2112,189,97,4,27.05
2113,435,43,2,21.54
2114,430,57,3,88.44
2115,374,79,4,114.84
2116,287,6,4,47.37
2117,185,8,5,93.7
2118,135,76,5,73.11
2119,703,57,2,88.44
2120,834,47,1,50.29
2121,739,14,3,82.36
2122,824,143,2,39.91
2123,569,33,4,37.98
2124,877,3,4,89.1
2125,201,32,2,40.62
2126,820,68,2,93.8
2127,485,40,1,50.26
2128,181,72,4,114.55
2129,512,102,2,24.59
2130,915,99,5,28.06
2131,547,114,3,72.84
2132,805,108,4,24.25
2133,308,102,3,24.59
2134,576,102,5,24.59
2135,49,64,4,60.52
2136,102,137,2,23.29
2137,62,11,2,105.15
2138,834,32,3,40.62
2139,488,94,1,62.3
2140,461,25,3,60.14
2141,267,50,3,29.25
2142,369,50,5,29.25
2143,571,7,3,85.03
2144,353,111,1,94.8
2145,422,113,1,117.18
2146,360,82,5,46.74
2147,204,92,5,80.68
2148,590,72,5,114.55
2149,179,3,3,89.1
2150,364,78,3,27.67
2151,690,132,5,22.18
2152,500,84,4,81.98
2153,911,76,1,73.11
2154,391,101,5,19.19
2155,294,125,4,89.05
2156,647,96,2,87.18
2157,890,103,2,75.51
2158,656,85,3,44.86
2159,432,111,5,94.8
2160,586,127,4,106.79
2161,870,21,1,90.57
2162,82,50,2,29.25
2163,352,39,2,43.83
2164,322,90,3,54.94
2165,669,130,3,104.44
2166,728,81,3,102.43
2167,620,34,4,73.53
2168,278,49,4,77.15
2169,800,20,3,22.35
2170,766,21,5,90.57
2171,534,101,4,19.19
2172,424,115,2,119.19
2173,189,143,1,39.91
2174,129,21,2,90.57
2175,678,80,3,92.55
2176,964,96,1,87.18
2177,216,52,2,94.93
2178,407,12,1,47.05
2179,98,86,1,116.38
2180,960,135,4,45.8
2181,562,30,1,104.22
2182,27,109,4,105.82
2183,537,57,1,88.44
2184,107,82,3,46.74
2185,633,16,2,26.38
2186,87,63,4,82.99
2187,317,133,2,60.57
2188,254,76,3,73.11
2189,454,131,2,80.81
2190,135,115,5,119.19
2191,859,150,2,49.31
2192,30,111,1,94.8
2193,680,25,3,60.14
2194,882,146,3,96.45
2195,885,134,4,87.87
2196,479,130,5,104.44
2197,958,80,3,92.55
2198,562,96,4,87.18
2199,139,129,5,97.06
2200,182,27,5,84.18
2201,612,91,4,74.71
2202,647,93,5,33.25
2203,446,74,5,98.26
2204,656,3,5,89.1
2205,318,50,3,29.25
2206,494,120,5,44.7
2207,233,62,1,70.94
2208,453,28,3,100.93
2209,375,136,4,70.77
2210,267,138,2,110.85
2211,311,57,1,88.44
2212,1,37,5,61.82
2213,835,43,2,21.54
2214,353,108,3,24.25
2215,481,117,5,102.65
2216,9,31,4,35.42
2217,970,3,4,89.1
2218,307,6,1,47.37
2219,785,106,4,105.06
2220,818,42,3,58.56
2221,612,135,2,45.8
2222,816,112,1,61
2223,562,115,3,119.19
2224,194,39,4,43.83
2225,904,88,5,30.67
2226,448,24,4,72.53
2227,256,136,2,70.77
2228,733,41,4,39.28
2229,849,48,4,111.55
2230,226,117,3,102.65
2231,82,86,4,116.38
2232,641,58,2,116.3
2233,530,114,5,72.84
2234,827,116,3,67.33
2235,292,105,5,64.35
2236,829,142,3,103.76
2237,423,103,2,75.51
2238,874,1,1,102.08
2239,187,102,2,24.59
2240,297,113,1,117.18
2241,653,29,4,30.47
2242,633,127,4,106.79
2243,279,108,5,24.25
2244,504,80,2,92.55
2245,329,128,1,90.86
2246,156,82,1,46.74
2247,993,137,5,23.29
2248,23,149,2,18.5
2249,996,32,1,40.62
2250,289,108,3,24.25
2251,129,137,4,23.29
2252,745,65,1,33.49
2253,239,116,1,67.33
2254,155,42,1,58.56
2255,506,56,2,28.25
2256,351,17,4,78.65
2257,320,103,4,75.51
2258,381,128,4,90.86
2259,714,104,1,34.06
2260,339,100,1,67.55
2261,864,131,2,80.81
2262,58,107,3,84.57
2263,795,22,4,49.25
2264,74,108,5,24.25
2265,482,33,2,37.98
2266,197,56,3,28.25
2267,837,123,4,117.98
2268,849,2,1,81.9
2269,125,36,2,79.33
2270,395,3,4,89.1
2271,254,11,1,105.15
2272,204,76,4,73.11
2273,753,80,1,92.55
2274,534,142,2,103.76
2275,485,104,4,34.06
2276,698,29,3,30.47
2277,959,97,3,27.05
2278,163,4,1,114.23
2279,763,109,5,105.82
2280,534,24,1,72.53
2281,260,36,4,79.33
2282,654,7,3,85.03
2283,204,68,3,93.8
2284,909,48,1,111.55
2285,885,81,2,102.43
2286,997,94,1,62.3
2287,242,105,4,64.35
2288,333,81,1,102.43
2289,172,102,3,24.59
2290,599,134,1,87.87
2291,406,120,2,44.7
2292,10,28,1,100.93
2293,596,65,4,33.49
2294,705,119,5,44.01
2295,159,37,3,61.82
2296,790,25,1,60.14
2297,255,63,2,82.99
2298,512,71,1,88.62
2299,703,19,5,112.19
2300,347,11,1,105.15
2301,62,15,3,27.11
2302,661,13,2,56.84
2303,719,60,5,77.17
2304,811,63,1,82.99
2305,129,110,4,20.69
2306,239,20,3,22.35
2307,572,150,3,49.31
2308,825,66,4,60.74
2309,751,40,2,50.26
2310,22,34,4,73.53
2311,367,103,2,75.51
2312,257,128,1,90.86
2313,497,80,4,92.55
2314,573,120,3,44.7
2315,556,69,4,18.01
2316,195,29,5,30.47
2317,192,47,5,50.29
2318,357,137,3,23.29
2319,750,102,4,24.59
2320,282,150,5,49.31
2321,937,95,5,39.31
2322,165,34,1,73.53
2323,544,41,2,39.28
2324,461,44,3,54.94
2325,840,21,3,90.57
2326,555,55,3,35.93
2327,465,137,1,23.29
2328,795,137,5,23.29
2329,389,55,2,35.93
2330,905,86,1,116.38
2331,635,128,3,90.86
2332,795,145,5,74.42
2333,245,100,3,67.55
2334,739,36,1,79.33
2335,675,55,5,35.93
2336,839,40,4,50.26
2337,195,76,5,73.11
2338,700,142,4,103.76
2339,785,7,5,85.03
2340,158,143,5,39.91
2341,290,52,3,94.93
2342,420,95,3,39.31
2343,114,134,1,87.87
2344,536,49,1,77.15
2345,45,74,2,98.26
2346,183,79,1,114.84
2347,207,68,1,93.8
2348,498,148,2,109.86
2349,102,130,1,104.44
2350,585,140,4,86.15
2351,674,148,4,109.86
2352,539,9,5,17.6
2353,719,58,5,116.3
2354,263,102,1,24.59
2355,376,127,2,106.79
2356,621,127,1,106.79
2357,14,102,2,24.59
2358,672,138,4,110.85
2359,951,100,1,67.55
2360,480,137,1,23.29
2361,370,30,5,104.22
2362,762,119,4,44.01
2363,842,86,3,116.38
2364,814,44,1,54.94
2365,844,119,5,44.01
2366,273,121,5,61.89
2367,42,20,1,22.35
2368,855,33,3,37.98
2369,80,49,2,77.15
2370,984,19,5,112.19
2371,100,22,1,49.25
2372,743,105,2,64.35
2373,545,47,4,50.29
2374,195,11,2,105.15
2375,539,23,2,59.15
2376,584,136,2,70.77
2377,572,57,5,88.44
2378,426,124,1,104.88
2379,785,110,5,20.69
2380,367,15,4,27.11
2381,720,110,4,20.69
2382,905,24,1,72.53
2383,171,142,2,103.76
2384,564,54,4,38.54
2385,517,16,3,26.38
2386,674,36,2,79.33
2387,547,132,5,22.18
2388,454,13,3,56.84
2389,925,31,3,35.42
2390,564,42,3,58.56
2391,866,141,3,118.7
2392,423,48,4,111.55
2393,846,124,3,104.88
2394,624,101,2,19.19
2395,577,26,5,61.39
2396,220,15,4,27.11
2397,785,104,5,34.06
2398,949,18,3,34.96
2399,369,87,4,57.07
2400,459,47,4,50.29
2401,1,73,1,73.29
2402,292,120,5,44.7
2403,17,123,5,117.98
2404,139,35,3,85.1
2405,7,121,3,61.89
2406,228,102,2,24.59
2407,877,21,3,90.57
2408,23,78,3,27.67
2409,942,7,5,85.03
2410,524,30,5,104.22
2411,585,47,5,50.29
2412,159,117,1,102.65
2413,39,54,4,38.54
2414,365,145,2,74.42
2415,142,73,3,73.29
2416,376,146,5,96.45
2417,256,42,2,58.56
2418,263,132,3,22.18
2419,95,131,5,80.81
2420,410,13,5,56.84
2421,940,148,2,109.86
2422,752,124,1,104.88
2423,741,79,3,114.84
2424,812,28,4,100.93
2425,178,34,4,73.53
2426,846,86,5,116.38
2427,840,24,1,72.53
2428,610,60,3,77.17
2429,39,118,5,30.19
2430,391,142,1,103.76
2431,799,139,1,63.25
2432,944,89,3,27.44
2433,357,127,4,106.79
2434,427,26,1,61.39
2435,891,147,2,81.84
2436,766,74,5,98.26
2437,951,150,1,49.31
2438,650,28,4,100.93
2439,56,13,3,56.84
2440,537,119,1,44.01
2441,327,19,5,112.19
2442,579,93,2,33.25
2443,335,136,5,70.77
2444,715,24,2,72.53
2445,157,24,1,72.53
2446,690,80,4,92.55
2447,995,133,4,60.57
2448,771,81,5,102.43
2449,590,117,5,102.65
2450,93,31,2,35.42
2451,443,112,3,61
2452,806,149,4,18.5
2453,152,6,2,47.37
2454,345,113,1,117.18
2455,488,18,5,34.96
2456,764,76,1,73.11
2457,562,47,4,50.29
2458,269,63,1,82.99
2459,409,109,5,105.82
2460,445,51,2,54.81
2461,781,55,2,35.93
2462,493,137,5,23.29
2463,203,144,4,17.3
2464,405,41,5,39.28
2465,201,67,5,104.43
2466,631,120,5,44.7
2467,253,54,2,38.54
2468,74,148,3,109.86
2469,796,58,4,116.3
2470,332,54,5,38.54
2471,92,30,1,104.22
2472,688,83,4,19.78
2473,434,45,3,104.61
2474,357,23,2,59.15
2475,329,39,3,43.83
2476,609,135,1,45.8
2477,789,78,3,27.67
2478,174,139,3,63.25
2479,632,39,4,43.83
2480,639,77,2,88.8
2481,452,22,1,49.25
2482,947,126,2,116.31
2483,205,134,3,87.87
2484,160,128,1,90.86
2485,116,99,1,28.06
2486,249,15,5,27.11
2487,949,127,2,106.79
2488,890,17,3,78.65
2489,15,34,3,73.53
2490,711,64,1,60.52
2491,313,70,4,52.26
2492,483,129,1,97.06
2493,340,40,2,50.26
2494,758,10,5,43.01
2495,217,136,2,70.77
2496,560,121,5,61.89
2497,769,51,3,54.81
2498,562,61,4,104.28
2499,638,89,2,27.44
2500,712,96,1,87.18
