order_id,customer_id,order_date,order_status,total_amount
1,90,2025-07-17,Completed,735.89
2,103,2025-05-09,Completed,284.28000000000003
3,68,2025-01-20,Completed,531.92
4,403,2025-09-20,Completed,
5,277,2025-01-11,Completed,398.43
6,449,2025-08-12,Completed,743.15
7,498,2025-06-17,Completed,531.36
8,188,2025-04-02,Completed,157.24
9,272,2025-08-23,Completed,353.15
10,257,2025-04-14,Completed,1137.95
11,468,2024-12-22,Completed,94.74
12,140,2025-10-20,Completed,92.01
13,426,2025-08-15,Completed,611.24
14,85,2025-09-20,Completed,49.18
15,132,2024-11-05,Completed,475.89
16,468,2025-02-26,Completed,105.06
17,423,2025-06-28,Completed,1435.38
18,484,2025-05-28,Completed,1710.22
19,247,2025-02-10,Completed,
20,496,2025-08-19,Completed,169.14
21,413,2025-03-30,Completed,532.21
22,152,2024-12-21,Completed,294.12
23,383,2024-12-02,Completed,212.64999999999998
24,446,2024-12-30,Completed,267.29999999999995
25,174,2025-08-29,Completed,502.2
26,412,2025-02-21,Completed,1310.94
27,59,2025-01-21,Completed,847.29
28,240,2025-09-16,Completed,417.72
29,494,2025-05-08,Completed,91.41
30,39,2025-06-08,Completed,287.7
31,73,2025-05-08,Completed,284.79
32,387,2025-01-03,Completed,709.32
33,495,2025-06-26,Completed,646.2
34,116,2025-08-20,Completed,1452.23
35,441,2024-12-31,Completed,251.29999999999998
36,347,2025-04-23,Completed,279.6
37,371,2024-12-07,Completed,
38,346,2024-11-22,Completed,418.43
39,204,2025-06-21,Completed,1373.3600000000001
40,496,2025-04-29,Completed,113.0
41,434,2025-01-03,Completed,1008.69
42,412,2025-06-28,Completed,646.77
43,286,2025-06-25,Completed,223.76
44,188,2025-07-06,Completed,262.92
45,47,2025-07-13,Completed,347.89
46,405,2025-01-08,Completed,152.35
47,203,2025-03-09,Completed,444.2
48,8,2025-05-26,Completed,976.6800000000001
49,136,2025-04-27,Completed,549.37
50,275,2025-01-08,Completed,523.67
51,64,2025-07-16,Completed,817.86
52,233,2025-02-27,Completed,1411.9599999999998
53,189,2024-11-21,Completed,248.96999999999997
54,345,2025-08-29,Completed,534.03
55,384,2025-02-01,Completed,74.71
56,345,2025-01-24,Completed,233.64000000000001
57,135,2025-09-25,Completed,613.19
58,300,2025-06-21,Completed,466.44999999999993
59,196,2025-04-21,Completed,145.68
60,422,2025-10-14,Completed,796.62
61,327,2024-11-09,Completed,50.29
62,482,2025-08-20,Completed,291.63
63,191,2025-04-28,Completed,860.86
64,56,2024-12-16,Completed,235.26999999999998
65,346,2025-03-03,Completed,967.24
66,120,2025-09-09,Completed,258.15
67,242,2025-09-01,Completed,54.94
68,13,2025-03-26,Completed,282.6
69,318,2025-02-13,Completed,106.26
70,453,2025-02-08,Completed,188.69
71,483,2025-08-31,Completed,755.46
72,288,2025-09-06,Completed,
73,168,2025-09-05,Completed,626.8199999999999
74,469,2025-10-02,Completed,450.83
75,313,2025-06-28,Completed,1076.54
76,114,2024-12-18,Completed,754.3299999999999
77,332,2025-02-09,Completed,1365.3400000000001
78,33,2024-12-07,Completed,393.71000000000004
79,326,2025-04-10,Completed,
80,422,2025-06-10,Completed,526.4000000000001
81,238,2025-08-10,Completed,1665.9
82,466,2024-11-06,Completed,972.57
83,359,2025-03-13,Completed,
84,155,2025-09-17,Completed,742.59
85,333,2025-03-09,Completed,1205.3400000000001
86,210,2025-02-20,Completed,99.75
87,60,2025-07-30,Completed,331.96
88,72,2025-09-01,Completed,475.57
89,24,2025-08-28,Completed,421.38
90,485,2025-05-12,Completed,732.9
91,20,2025-06-12,Completed,
92,156,2025-10-29,Completed,471.97
93,253,2025-09-28,Completed,841.9
94,60,2024-11-03,Completed,135.55
95,50,2024-11-02,Completed,661.37
96,121,2025-10-08,Completed,1010.12
97,455,2024-12-12,Completed,
98,276,2025-02-03,Completed,548.73
99,70,2025-03-10,Completed,114.23
100,199,2025-05-02,Completed,847.15
101,233,2024-10-30,Completed,773.25
102,190,2024-11-27,Completed,151.01999999999998
103,344,2024-11-07,Completed,445.4
104,487,2024-12-31,Completed,395.15999999999997
105,381,2025-03-14,Completed,318.91
106,357,2025-10-01,Completed,1245.6299999999999
107,485,2025-08-18,Completed,1386.92
108,277,2025-09-26,Completed,349.14
109,215,2024-11-26,Completed,746.54
110,301,2025-06-24,Completed,1055.35
111,381,2025-07-27,Completed,363.44
112,373,2024-12-12,Completed,480.9200000000001
113,80,2025-03-11,Completed,
114,454,2025-07-24,Completed,87.87
115,213,2025-04-07,Completed,114.23
116,336,2025-03-18,Completed,909.37
117,51,2025-06-15,Completed,122.48000000000002
118,427,2024-11-19,Completed,265.86
119,251,2025-09-17,Completed,247.34
120,316,2025-01-29,Completed,178.2
121,209,2025-07-16,Completed,600.92
122,481,2025-03-13,Completed,302.04
123,488,2024-12-28,Completed,927.0899999999999
124,144,2025-07-25,Completed,373.54999999999995
125,17,2025-07-17,Completed,227.09
126,354,2025-05-10,Completed,158.8
127,190,2024-11-27,Completed,159.64
128,112,2025-08-22,Completed,
129,228,2025-05-11,Completed,357.05999999999995
130,228,2025-10-27,Completed,384.49
131,487,2025-09-09,Completed,94.1
132,121,2025-09-24,Completed,196.44
133,438,2025-01-09,Completed,520.8
134,186,2025-02-07,Completed,310.86
135,51,2025-03-01,Completed,961.5
136,352,2025-10-28,Completed,783.25
137,189,2025-08-27,Completed,285.29999999999995
138,279,2025-03-10,Completed,1434.89
139,462,2025-07-31,Completed,1107.86
140,331,2025-04-10,Completed,968.4000000000001
141,184,2025-10-16,Completed,716.1000000000001
142,32,2025-06-11,Completed,642.46
143,204,2024-11-23,Completed,418.15999999999997
144,142,2025-03-28,Completed,866.61
145,98,2025-05-08,Completed,329.02
146,496,2025-08-13,Completed,205.34
147,63,2025-09-06,Completed,336.77
148,486,2025-03-24,Completed,252.54000000000002
149,435,2025-07-23,Completed,84.18
150,422,2025-08-24,Completed,113.66
151,233,2024-11-25,Completed,147.43
152,47,2024-12-09,Completed,510.2800000000001
153,340,2025-01-06,Completed,708.3700000000001
154,109,2025-10-20,Completed,35.2
155,329,2025-02-10,Completed,430.71
156,328,2025-08-11,Completed,46.74
157,306,2025-09-21,Completed,476.88
158,498,2025-06-18,Completed,853.92
159,11,2025-06-12,Completed,288.11
160,26,2025-07-16,Completed,90.86
161,403,2025-09-04,Completed,47.05
162,171,2025-05-03,Completed,340.26
163,125,2025-10-29,Completed,468.17
164,65,2025-01-17,Completed,550.7
165,403,2024-12-11,Completed,1030.38
166,290,2025-09-05,Completed,334.65
167,106,2025-09-12,Completed,547.41
168,36,2025-10-17,Completed,483.93
169,425,2025-02-19,Completed,424.51
170,392,2025-04-17,Completed,170.3
171,284,2025-06-29,Completed,1371.47
172,107,2025-05-12,Completed,302.67
173,301,2025-05-25,Completed,567.85
174,111,2025-10-20,Completed,896.33
175,417,2025-01-27,Completed,612.6099999999999
176,446,2025-02-19,Completed,
177,120,2025-10-21,Completed,431.15999999999997
178,169,2024-11-11,Completed,648.74
179,397,2025-09-09,Completed,405.65
180,76,2025-10-12,Completed,726.4000000000001
181,404,2025-09-22,Completed,612.54
182,462,2024-12-10,Completed,1141.89
183,306,2024-11-25,Completed,219.72
184,2,2025-07-01,Completed,408.83000000000004
185,142,2025-07-12,Completed,495.55
186,440,2025-05-08,Completed,638.59
187,75,2025-01-13,Completed,138.9
188,67,2025-02-11,Completed,27.05
189,277,2024-11-30,Completed,420.37
190,129,2024-12-01,Completed,134.66
191,409,2025-05-17,Completed,915.2500000000001
192,90,2025-06-29,Completed,964.4200000000001
193,57,2025-10-30,Completed,948.01
194,339,2025-06-13,Completed,359.34
195,444,2024-12-16,Completed,763.4000000000001
196,14,2024-12-18,Completed,190.52
197,68,2025-05-16,Completed,139.63
198,8,2024-12-05,Completed,300.98
199,184,2025-06-26,Completed,72.53
200,405,2025-10-24,Completed,344.99
201,404,2025-05-11,Completed,1143.5800000000002
202,122,2024-12-09,Completed,309.71999999999997
203,302,2025-08-19,Completed,769.22
204,166,2024-12-10,Completed,1262.5900000000001
205,9,2025-10-25,Completed,1132.42
206,90,2025-07-28,Completed,865.46
207,136,2025-06-22,Completed,559.8599999999999
208,27,2025-01-05,Completed,1032.9499999999998
209,65,2025-10-11,Completed,270.67
210,380,2025-03-21,Completed,
211,216,2024-12-02,Completed,1070.5700000000002
212,270,2024-12-08,Completed,139.9
213,59,2024-10-30,Completed,
214,382,2025-10-15,Completed,67.05000000000001
215,33,2025-04-22,Completed,251.29999999999998
216,244,2025-03-01,Completed,367.96000000000004
217,230,2025-09-20,Completed,828.9
218,399,2025-04-27,Completed,22.18
219,186,2025-03-27,Completed,
220,263,2025-10-11,Completed,869.6500000000001
221,304,2025-05-18,Completed,594.5899999999999
222,56,2025-10-16,Completed,175.32
223,232,2025-05-28,Completed,321.88
224,258,2025-09-26,Completed,353.76
225,114,2025-03-27,Completed,75.51
226,485,2024-11-15,Completed,307.95000000000005
227,315,2025-03-22,Completed,1040.78
228,23,2025-08-31,Completed,769.0
229,373,2025-02-26,Completed,1233.95
230,402,2025-05-15,Completed,937.1499999999999
231,466,2025-08-17,Completed,
232,444,2025-08-09,Completed,1444.69
233,338,2024-12-09,Completed,174.39
234,267,2025-10-20,Completed,190.2
235,155,2024-10-30,Completed,448.76
236,235,2024-11-02,Completed,541.74
237,330,2025-07-23,Completed,
238,494,2025-10-13,Completed,547.86
239,16,2025-05-16,Completed,315.52
240,32,2025-03-18,Completed,609.53
241,246,2025-05-08,Completed,123.78
242,434,2025-05-02,Completed,257.4
243,206,2025-03-20,Completed,709.81
244,219,2025-05-01,Completed,177.45
245,352,2025-08-26,Completed,516.48
246,56,2025-10-12,Completed,45.0
247,252,2025-08-15,Completed,153.04
248,365,2025-08-13,Completed,672.06
249,466,2024-12-23,Completed,599.54
250,228,2025-10-11,Completed,205.20999999999998
251,38,2025-02-25,Completed,72.95
252,461,2025-05-24,Completed,73.77
253,42,2025-01-09,Completed,77.08
254,165,2024-11-04,Completed,814.18
255,312,2024-12-07,Completed,1341.76
256,76,2025-08-25,Completed,1267.92
257,34,2025-04-12,Completed,844.2
258,65,2025-10-09,Completed,
259,141,2025-04-13,Completed,87.75
260,320,2025-04-20,Completed,928.72
261,325,2025-07-12,Completed,
262,300,2025-06-25,Completed,
263,281,2025-01-14,Completed,91.13
264,365,2024-11-07,Completed,90.0
265,167,2025-03-24,Completed,284.22
266,196,2025-08-14,Completed,54.94
267,306,2024-12-13,Completed,408.07
268,272,2025-04-07,Completed,655.66
269,151,2025-08-06,Completed,623.75
270,233,2025-10-21,Completed,298.5
271,259,2024-11-03,Completed,1335.7400000000002
272,310,2025-02-15,Completed,741.3
273,221,2025-06-10,Completed,784.95
274,51,2025-02-07,Completed,717.71
275,407,2025-05-26,Completed,553.8199999999999
276,360,2025-07-22,Completed,1227.02
277,59,2025-09-05,Completed,524.4
278,437,2025-05-09,Completed,944.58
279,336,2024-12-13,Completed,986.71
280,334,2024-11-05,Completed,38.54
281,450,2024-12-28,Completed,824.0999999999999
282,394,2025-07-06,Completed,775.6200000000001
283,283,2025-04-26,Completed,760.96
284,370,2025-07-14,Completed,223.63
285,444,2025-06-21,Completed,
286,111,2025-08-15,Completed,740.45
287,221,2025-05-08,Completed,678.85
288,232,2025-07-25,Completed,415.04
289,455,2025-01-26,Completed,537.99
290,117,2025-10-15,Completed,284.79
291,212,2024-12-18,Completed,311.5
292,174,2025-06-27,Completed,800.35
293,424,2025-05-06,Completed,915.5500000000001
294,233,2024-10-30,Completed,1056.3799999999999
295,205,2025-03-20,Completed,167.23000000000002
296,213,2025-10-23,Completed,
297,374,2025-08-15,Completed,598.76
298,49,2025-03-17,Completed,371.24
299,161,2025-04-01,Completed,448.76
300,219,2025-01-29,Completed,49.31
301,161,2025-09-15,Completed,79.82
302,341,2025-01-11,Completed,1158.23
303,131,2025-09-30,Completed,853.8
304,192,2025-02-03,Completed,
305,489,2025-07-14,Completed,703.23
306,79,2025-02-13,Completed,1177.8600000000001
307,352,2025-01-27,Completed,1406.02
308,473,2025-08-19,Completed,940.56
309,243,2025-08-11,Completed,317.32
310,35,2025-07-31,Completed,746.2
311,47,2025-09-07,Completed,150.32999999999998
312,426,2025-04-04,Completed,81.62
313,44,2025-07-26,Completed,296.7
314,48,2025-07-20,Completed,589.84
315,222,2025-04-02,Completed,
316,50,2025-03-23,Completed,171.20000000000002
317,382,2025-08-14,Completed,121.14
318,379,2025-03-18,Completed,288.90999999999997
319,191,2025-03-22,Completed,252.54000000000002
320,416,2024-12-11,Completed,343.42
321,67,2025-05-23,Completed,246.66
322,285,2024-12-25,Completed,697.8799999999999
323,31,2024-12-23,Completed,894.68
324,301,2024-11-27,Completed,284.79
325,490,2025-04-18,Completed,556.91
326,288,2025-08-13,Completed,582.4
327,288,2025-05-31,Completed,2092.49
328,169,2025-04-09,Completed,181.72
329,344,2024-11-28,Completed,1154.3899999999999
330,63,2025-01-11,Completed,
331,211,2025-10-01,Completed,246.76
332,182,2025-07-15,Completed,192.7
333,448,2024-12-24,Completed,102.43
334,341,2024-11-01,Completed,658.0
335,482,2025-03-09,Completed,353.84999999999997
336,385,2025-02-15,Completed,357.54
337,217,2025-10-11,Completed,308.01
338,445,2025-02-12,Completed,
339,469,2025-01-10,Completed,865.39
340,370,2024-12-15,Completed,1654.9099999999999
341,27,2025-09-15,Completed,422.84999999999997
342,496,2024-12-16,Completed,
343,148,2025-04-23,Completed,
344,308,2024-11-12,Completed,240.56
345,160,2025-07-08,Completed,393.39000000000004
346,181,2025-02-23,Completed,1156.75
347,54,2025-02-05,Completed,491.0
348,296,2025-03-11,Completed,81.24
349,260,2024-11-10,Completed,919.45
350,109,2025-07-21,Completed,
351,80,2025-08-31,Completed,1296.6999999999998
352,337,2025-05-03,Completed,477.48
353,247,2025-02-17,Completed,828.3
354,115,2025-05-08,Completed,
355,434,2025-09-30,Completed,535.13
356,56,2025-01-16,Completed,322.72
357,180,2025-01-20,Completed,1863.15
358,433,2025-07-13,Completed,358.02
359,285,2025-08-20,Completed,581.79
360,189,2025-01-08,Completed,1369.77
361,59,2025-03-30,Completed,
362,391,2025-05-25,Completed,445.13
363,143,2025-06-28,Completed,473.91
364,294,2024-11-28,Completed,421.79999999999995
365,116,2025-05-04,Completed,635.89
366,414,2025-10-16,Completed,86.02
367,220,2025-09-10,Completed,891.45
368,433,2025-09-05,Completed,473.76
369,288,2025-10-11,Completed,949.26
370,499,2025-01-21,Completed,1071.1399999999999
371,393,2025-03-08,Completed,668.6
372,420,2025-09-20,Completed,
373,319,2025-03-28,Completed,726.39
374,315,2025-05-15,Completed,497.90000000000003
375,346,2025-01-14,Completed,1009.8599999999999
376,330,2025-07-15,Completed,778.19
377,286,2025-10-26,Completed,961.38
378,14,2025-04-12,Completed,946.1300000000001
379,312,2024-12-09,Completed,211.64
380,476,2025-06-24,Completed,758.3700000000001
381,337,2024-11-05,Completed,1420.72
382,425,2025-05-21,Completed,378.77
383,356,2025-09-03,Completed,613.1499999999999
384,137,2024-11-16,Completed,593.76
385,15,2025-04-25,Completed,671.26
386,93,2024-11-20,Completed,164.78
387,140,2025-06-19,Completed,95.95
388,360,2025-09-23,Completed,762.05
389,391,2024-11-16,Completed,739.21
390,159,2024-12-28,Completed,553.96
391,472,2025-04-28,Completed,722.4300000000001
392,174,2025-01-11,Completed,557.6700000000001
393,180,2025-08-13,Completed,732.13
394,4,2024-11-13,Completed,
395,93,2025-05-15,Completed,356.4
396,446,2025-05-30,Completed,269.95000000000005
397,74,2025-03-02,Completed,798.23
398,290,2025-02-05,Completed,284.93
399,337,2025-07-16,Completed,147.06
400,206,2025-07-30,Completed,
401,36,2025-09-14,Completed,539.3
402,73,2025-07-31,Completed,
403,380,2025-09-17,Completed,645.1999999999999
404,325,2025-07-25,Completed,506.31000000000006
405,498,2025-03-30,Completed,196.4
406,16,2024-11-26,Completed,806.95
407,47,2025-06-01,Completed,796.1899999999999
408,383,2025-10-27,Completed,621.15
409,272,2024-11-25,Completed,529.0999999999999
410,111,2025-07-29,Completed,284.20000000000005
411,193,2025-04-11,Completed,499.58
412,215,2025-02-01,Completed,175.32
413,233,2025-01-25,Completed,620.23
414,175,2025-07-02,Completed,663.5699999999999
415,81,2025-07-23,Completed,244.0
416,190,2025-06-08,Completed,140.29999999999998
417,160,2025-06-12,Completed,478.33
418,370,2025-02-22,Completed,465.24
419,167,2025-09-23,Completed,823.59
420,398,2024-12-25,Completed,342.23
421,483,2025-09-04,Completed,235.25
422,291,2025-04-16,Completed,205.62
423,306,2025-10-05,Completed,1496.95
424,44,2025-01-11,Completed,1709.4
425,453,2024-12-15,Completed,175.68
426,27,2025-09-06,Completed,845.01
427,80,2025-09-16,Completed,818.2
428,81,2024-12-21,Completed,157.3
429,387,2025-10-07,Completed,1868.08
430,317,2025-01-11,Completed,658.28
431,26,2025-07-21,Completed,480.47999999999996
432,346,2025-02-05,Completed,474.0
433,42,2025-03-05,Completed,
434,140,2025-09-15,Completed,693.39
435,227,2025-08-31,Completed,345.93
436,339,2025-03-07,Completed,116.3
437,218,2025-03-18,Completed,988.26
438,249,2025-02-05,Completed,54.81
439,311,2024-11-01,Completed,
440,227,2025-08-27,Completed,558.72
441,213,2025-07-05,Completed,295.75
442,140,2025-07-08,Completed,424.08000000000004
443,111,2024-12-27,Completed,306.64
444,387,2025-03-07,Completed,967.3499999999999
445,263,2025-04-06,Completed,226.62
446,59,2025-04-07,Completed,843.6400000000001
447,177,2025-05-20,Completed,
448,221,2025-06-28,Completed,861.62
449,57,2025-04-20,Completed,456.66999999999996
450,146,2025-09-20,Completed,148.52
451,348,2025-08-23,Completed,708.77
452,348,2025-07-28,Completed,509.39
453,304,2025-05-26,Completed,407.01
454,250,2024-11-25,Completed,332.14
455,270,2025-04-30,Completed,365.55
456,342,2025-06-27,Completed,315.18
457,158,2025-04-05,Completed,749.54
458,24,2025-08-21,Completed,768.6999999999999
459,113,2025-01-24,Completed,311.02
460,203,2024-12-12,Completed,380.4
461,307,2024-10-31,Completed,1395.3000000000002
462,29,2024-11-30,Completed,509.16
463,4,2024-11-15,Completed,352.78999999999996
464,105,2024-12-21,Completed,196.52
465,155,2025-07-11,Completed,164.82999999999998
466,485,2024-12-22,Completed,962.8900000000001
467,109,2025-09-13,Completed,309.45
468,393,2025-01-08,Completed,449.22
469,71,2025-01-18,Completed,714.21
470,392,2025-08-19,Completed,27.44
471,131,2024-12-25,Completed,485.04999999999995
472,149,2025-03-03,Completed,126.59
473,168,2025-01-30,Completed,199.54999999999998
474,62,2025-02-27,Completed,343.34000000000003
475,4,2024-12-15,Completed,603.92
476,255,2025-05-31,Completed,453.98
477,383,2025-08-04,Completed,317.7
478,221,2024-11-08,Completed,341.11
479,90,2025-03-12,Completed,821.04
480,67,2025-10-23,Completed,174.16
481,195,2025-03-07,Completed,513.25
482,273,2025-06-26,Completed,105.21
483,361,2025-02-22,Completed,717.98
484,118,2024-11-15,Completed,165.38
485,257,2025-06-26,Completed,641.9200000000001
486,287,2025-10-03,Completed,330.14000000000004
487,427,2025-05-20,Completed,349.14
488,343,2025-09-05,Completed,674.92
489,413,2025-09-04,Completed,586.8499999999999
490,182,2025-07-25,Completed,505.02
491,37,2025-10-28,Completed,371.71000000000004
492,204,2025-07-12,Completed,389.40999999999997
493,442,2024-12-23,Completed,116.44999999999999
494,380,2025-03-21,Completed,917.1400000000001
495,22,2025-02-22,Completed,1207.56
496,224,2025-06-18,Completed,
497,10,2025-06-27,Completed,577.72
498,236,2024-12-23,Completed,219.72
499,472,2025-10-11,Completed,449.94
500,40,2025-07-09,Completed,499.13
501,442,2024-11-22,Completed,613.77
502,161,2025-07-20,Completed,310.41999999999996
503,295,2024-11-16,Completed,591.06
504,220,2025-04-28,Completed,185.1
505,294,2025-10-17,Completed,504.72
506,208,2025-02-03,Completed,56.5
507,364,2025-09-04,Completed,438.52
508,328,2025-01-03,Completed,
509,214,2025-09-10,Completed,933.8
510,149,2025-01-01,Completed,622.45
511,59,2025-05-17,Completed,667.34
512,208,2024-11-28,Completed,1565.2000000000003
513,11,2025-03-19,Completed,258.62
514,495,2025-01-16,Completed,574.2
515,167,2025-02-08,Completed,525.05
516,88,2025-06-24,Completed,435.98
517,411,2025-09-05,Completed,991.26
518,486,2024-11-05,Completed,1474.92
519,317,2025-05-09,Completed,59.34
520,236,2025-04-29,Completed,589.72
521,426,2025-07-21,Completed,466.65999999999997
522,354,2024-12-18,Completed,117.0
523,471,2024-11-07,Completed,229.0
524,186,2025-07-04,Completed,1842.4099999999999
525,46,2024-12-01,Completed,141.68
526,224,2025-05-05,Completed,551.97
527,433,2025-04-21,Completed,422.34
528,55,2025-01-05,Completed,1038.19
529,125,2024-11-18,Completed,357.07000000000005
530,224,2025-04-05,Completed,735.96
531,302,2025-03-28,Completed,493.99
532,206,2025-04-11,Completed,489.62
533,269,2024-12-25,Completed,162.48
534,41,2024-11-25,Completed,612.8499999999999
535,203,2025-10-16,Completed,109.76
536,446,2025-08-31,Completed,881.15
537,159,2025-05-27,Completed,736.3300000000002
538,382,2024-12-26,Completed,
539,174,2025-04-20,Completed,1664.9799999999998
540,114,2025-07-31,Completed,
541,171,2025-04-17,Completed,474.18
542,399,2025-04-13,Completed,209.76
543,87,2024-12-29,Completed,511.37
544,40,2025-05-01,Completed,550.48
545,262,2025-05-14,Completed,496.90999999999997
546,325,2025-09-01,Completed,636.73
547,59,2025-10-30,Completed,811.38
548,272,2025-02-03,Completed,519.91
549,262,2025-05-22,Completed,307.95000000000005
550,100,2025-08-04,Completed,401.52
551,464,2025-01-30,Completed,948.38
552,398,2025-08-01,Completed,
553,179,2025-07-02,Completed,78.65
554,180,2024-12-06,Completed,253.70999999999998
555,373,2025-04-10,Completed,283.73
556,491,2025-10-30,Completed,253.77000000000004
557,420,2025-02-08,Completed,1232.02
558,331,2025-10-06,Completed,
559,418,2025-10-30,Completed,327.05
560,76,2025-03-01,Completed,983.54
561,121,2025-07-30,Completed,584.6
562,53,2025-05-27,Completed,1428.79
563,75,2025-10-20,Completed,778.64
564,132,2024-12-23,Completed,1154.8899999999999
565,102,2025-03-20,Completed,99.75
566,89,2025-02-25,Completed,609.9000000000001
567,309,2025-04-06,Completed,1398.76
568,79,2025-10-28,Completed,377.87
569,390,2025-01-24,Completed,326.43999999999994
570,389,2025-07-14,Completed,757.1099999999999
571,336,2024-11-22,Completed,1261.84
572,39,2025-04-09,Completed,1230.03
573,91,2025-04-19,Completed,134.10000000000002
574,488,2024-11-16,Completed,
575,396,2025-10-25,Completed,614.34
576,322,2025-02-01,Completed,952.21
577,253,2025-07-18,Completed,1187.3400000000001
578,238,2025-03-17,Completed,535.71
579,387,2025-07-29,Completed,66.5
580,289,2025-09-24,Completed,732.3199999999999
581,390,2025-08-25,Completed,830.26
582,297,2025-02-19,Completed,770.39
583,230,2025-02-25,Completed,
584,349,2025-09-24,Completed,1349.06
585,474,2025-09-12,Completed,596.05
586,452,2024-11-29,Completed,1594.5300000000002
587,290,2025-03-18,Completed,370.19
588,330,2025-07-24,Completed,860.6
589,326,2025-03-19,Completed,214.56
590,320,2025-07-08,Completed,1437.48
591,166,2025-03-08,Completed,207.52
592,443,2025-05-15,Completed,1293.4
593,498,2024-10-30,Completed,569.02
594,322,2025-07-31,Completed,253.0
595,162,2025-08-12,Completed,478.91
596,78,2024-12-11,Completed,133.96
597,226,2025-04-30,Completed,839.6599999999999
598,35,2025-08-10,Completed,592.25
599,241,2025-08-10,Completed,87.87
600,227,2024-11-28,Completed,237.99
601,324,2025-07-15,Completed,217.09
602,156,2025-01-29,Completed,685.8299999999999
603,408,2025-04-21,Completed,
604,141,2025-01-26,Completed,428.4
605,303,2025-04-28,Completed,246.22
606,29,2025-05-03,Completed,
607,181,2025-07-09,Completed,269.41999999999996
608,260,2025-07-26,Completed,134.10000000000002
609,38,2025-09-21,Completed,739.9599999999999
610,159,2025-09-03,Completed,231.51
611,237,2025-07-04,Completed,535.3000000000001
612,232,2025-09-15,Completed,1595.4599999999998
613,20,2025-10-01,Completed,348.51
614,30,2024-11-28,Completed,179.65
615,189,2025-04-27,Completed,183.52
616,426,2025-06-12,Completed,589.8000000000001
617,147,2025-03-20,Completed,590.98
618,40,2025-01-09,Completed,238.59
619,331,2025-10-14,Completed,
620,443,2024-12-08,Completed,316.47
621,438,2025-09-06,Completed,526.6899999999999
622,47,2024-12-12,Completed,966.73
623,315,2025-08-13,Completed,307.95000000000005
624,305,2025-05-05,Completed,167.39
625,260,2025-10-26,Completed,449.29999999999995
626,197,2025-05-06,Completed,503.34000000000003
627,237,2025-07-22,Completed,646.0500000000001
628,298,2025-09-29,Completed,
629,284,2025-07-14,Completed,652.13
630,489,2025-03-22,Completed,893.3599999999999
631,406,2024-11-14,Completed,547.96
632,379,2025-01-12,Completed,489.09000000000003
633,459,2025-06-27,Completed,1044.1000000000001
634,22,2024-11-22,Completed,512.1500000000001
635,231,2025-10-09,Completed,1283.9399999999998
636,466,2024-11-11,Completed,
637,415,2024-11-30,Completed,
638,293,2025-03-08,Completed,54.88
639,334,2024-11-11,Completed,420.74
640,97,2025-06-15,Completed,73.77
641,165,2025-01-18,Completed,895.4200000000001
642,310,2025-04-24,Completed,617.39
643,244,2025-09-18,Completed,489.38
644,257,2025-05-05,Completed,485.53
645,78,2024-12-31,Completed,466.58000000000004
646,491,2024-11-27,Completed,
647,32,2025-08-26,Completed,592.11
648,231,2025-06-29,Completed,336.88
649,53,2025-04-19,Completed,189.75
650,416,2024-12-21,Completed,483.05
651,461,2025-04-28,Completed,1050.5800000000002
652,429,2025-09-25,Completed,181.58
653,176,2024-11-14,Completed,712.63
654,366,2025-02-03,Completed,757.06
655,44,2025-08-12,Completed,381.24
656,259,2025-02-15,Completed,1219.35
657,331,2025-03-15,Completed,1130.6200000000001
658,89,2025-01-01,Completed,184.89
659,21,2025-03-16,Completed,695.39
660,127,2025-10-29,Completed,89.4
661,363,2025-03-05,Completed,821.26
662,225,2025-04-28,Completed,370.0
663,225,2025-06-16,Completed,752.58
664,269,2025-08-25,Completed,347.32
665,268,2025-01-05,Completed,442.40000000000003
666,313,2025-06-14,Completed,320.37
667,82,2025-06-06,Completed,196.52
668,187,2025-04-03,Completed,224.3
669,191,2025-02-08,Completed,313.32
670,470,2025-06-22,Completed,554.79
671,145,2025-05-15,Completed,1180.75
672,199,2025-01-08,Completed,895.0899999999999
673,210,2024-11-04,Completed,221.7
674,397,2025-06-14,Completed,957.9799999999999
675,174,2025-10-14,Completed,667.06
676,348,2025-05-19,Completed,305.18
677,307,2025-06-20,Completed,901.1099999999999
678,27,2024-12-02,Completed,566.8
679,405,2024-11-30,Completed,197.18
680,324,2024-11-03,Completed,974.6500000000001
681,332,2025-04-22,Completed,
682,172,2025-07-31,Completed,
683,34,2025-03-03,Completed,49.18
684,169,2025-02-24,Completed,83.01
685,49,2025-04-23,Completed,178.2
686,286,2025-06-03,Completed,583.27
687,348,2025-05-23,Completed,88.62
688,198,2025-04-20,Completed,271.49
689,146,2025-01-11,Completed,147.95999999999998
690,130,2025-02-06,Completed,1508.0
691,371,2024-11-02,Completed,320.54
692,437,2025-08-08,Completed,
693,337,2025-01-26,Completed,234.27
694,494,2025-05-11,Completed,1023.7099999999999
695,465,2025-05-09,Completed,475.96
696,309,2025-06-10,Completed,
697,448,2025-06-30,Completed,1748.07
698,77,2025-07-25,Completed,858.9799999999999
699,171,2025-01-27,Completed,710.78
700,42,2025-05-09,Completed,980.3399999999999
701,299,2025-03-24,Completed,429.13
702,340,2025-10-27,Completed,
703,73,2025-05-15,Completed,1334.73
704,470,2025-04-30,Completed,228.17
705,180,2024-12-28,Completed,1097.7
706,159,2025-09-20,Completed,432.90999999999997
707,496,2025-06-06,Completed,438.1
708,336,2025-10-30,Completed,649.79
709,358,2024-11-04,Completed,462.75
710,340,2024-12-08,Completed,114.08
711,201,2025-02-01,Completed,1124.4099999999999
712,67,2025-08-10,Completed,267.6
713,305,2025-08-16,Completed,737.94
714,363,2025-09-03,Completed,34.06
715,481,2025-07-04,Completed,337.76
716,44,2025-02-09,Completed,314.43
717,159,2025-03-04,Completed,
718,287,2025-05-13,Completed,121.85999999999999
719,193,2025-08-06,Completed,1522.46
720,330,2025-04-14,Completed,270.36
721,406,2025-06-15,Completed,741.41
722,169,2025-10-30,Completed,535.8700000000001
723,417,2025-10-07,Completed,172.3
724,66,2025-03-05,Completed,
725,344,2025-10-25,Completed,157.3
726,360,2025-08-27,Completed,409.20000000000005
727,425,2025-05-15,Completed,442.36
728,485,2025-05-17,Completed,400.5
729,379,2024-11-30,Completed,974.5899999999999
730,351,2025-07-09,Completed,998.0899999999999
731,468,2024-11-25,Completed,22.18
732,270,2025-02-28,Completed,
733,48,2025-03-20,Completed,277.88
734,331,2025-01-12,Completed,351.15999999999997
735,344,2025-02-03,Completed,678.7399999999999
736,217,2025-02-07,Completed,93.48
737,261,2025-08-14,Completed,
738,186,2025-07-30,Completed,977.6600000000001
739,10,2025-01-25,Completed,769.9200000000001
740,186,2025-01-13,Completed,1215.25
741,159,2025-02-26,Completed,845.27
742,93,2025-02-21,Completed,951.4399999999999
743,487,2025-05-27,Completed,781.7
744,110,2025-08-16,Completed,265.02
745,175,2025-06-13,Completed,601.72
746,486,2025-05-24,Completed,219.72
747,393,2025-10-09,Completed,97.06
748,249,2024-11-15,Completed,66.5
749,99,2024-11-02,Completed,424.36
750,116,2025-07-18,Completed,486.6
751,71,2025-08-26,Completed,827.9499999999999
752,80,2025-06-16,Completed,630.68
753,40,2025-01-14,Completed,613.9499999999999
754,152,2025-05-09,Completed,650.84
755,433,2024-11-24,Completed,18.01
756,404,2025-10-23,Completed,251.29999999999998
757,52,2025-09-26,Completed,105.06
758,260,2025-03-31,Completed,1068.51
759,395,2025-09-08,Completed,456.92
760,277,2025-08-04,Completed,56.5
761,428,2025-08-02,Completed,510.4
762,379,2024-11-09,Completed,702.27
763,453,2025-01-22,Completed,529.0999999999999
764,270,2025-08-07,Completed,517.6
765,20,2024-11-26,Completed,728.5
766,339,2025-10-14,Completed,1474.27
767,173,2025-08-14,Completed,435.92
768,449,2025-06-20,Completed,228.48
769,393,2024-11-17,Completed,257.91
770,317,2024-12-23,Completed,
771,68,2025-03-06,Completed,685.3900000000001
772,306,2025-02-16,Completed,
773,193,2025-07-04,Completed,
774,79,2025-01-30,Completed,917.38
775,84,2025-05-26,Completed,161.35
776,93,2025-03-26,Completed,1307.72
777,426,2025-07-17,Completed,
778,355,2025-09-13,Completed,296.26
779,395,2024-12-01,Completed,292.28
780,320,2025-08-11,Completed,1476.24
781,415,2025-02-04,Completed,150.48000000000002
782,463,2025-05-21,Completed,358.22
783,85,2025-09-20,Completed,1183.1899999999998
784,370,2025-07-03,Completed,
785,225,2025-06-26,Completed,1409.26
786,23,2025-04-11,Completed,2051.67
787,211,2025-04-25,Completed,
788,187,2025-02-07,Completed,933.3000000000001
789,347,2024-11-11,Completed,197.15
790,369,2025-09-18,Completed,381.84999999999997
791,122,2025-05-28,Completed,
792,497,2025-09-06,Completed,256.53999999999996
793,228,2025-03-15,Completed,1574.2799999999997
794,313,2025-06-24,Completed,1103.06
795,146,2025-02-14,Completed,1248.73
796,386,2024-12-19,Completed,465.2
797,384,2025-04-10,Completed,219.32999999999998
798,402,2024-11-20,Completed,366.42
799,230,2025-03-31,Completed,454.63
800,120,2024-12-27,Completed,564.8199999999999
801,274,2025-01-28,Completed,866.3399999999999
802,123,2025-06-02,Completed,176.4
803,159,2025-09-24,Completed,743.95
804,495,2025-01-07,Completed,351.86
805,415,2025-02-25,Completed,1109.08
806,402,2025-08-26,Completed,1028.35
807,241,2025-06-25,Completed,350.56
808,463,2025-05-12,Completed,651.79
809,428,2025-02-15,Completed,664.16
810,100,2025-04-30,Completed,558.9100000000001
811,189,2025-09-24,Completed,1044.48
812,348,2025-04-17,Completed,585.44
813,485,2025-03-05,Completed,140.22
814,293,2024-12-25,Completed,706.03
815,226,2025-01-06,Completed,525.3
816,237,2024-12-07,Completed,486.5
817,394,2025-10-17,Completed,
818,145,2024-11-01,Completed,175.68
819,399,2025-03-10,Completed,830.8699999999999
820,196,2025-07-03,Completed,891.6999999999999
821,258,2025-05-28,Completed,245.85
822,271,2024-11-10,Completed,52.76
823,215,2025-03-17,Completed,1001.78
824,495,2025-08-25,Completed,1010.1299999999999
825,83,2025-04-09,Completed,897.65
826,419,2025-01-01,Completed,949.58
827,103,2025-01-25,Completed,384.21000000000004
828,411,2025-03-11,Completed,749.73
829,310,2025-01-08,Completed,389.90000000000003
830,71,2025-09-21,Completed,58.56
831,447,2025-05-19,Completed,71.86
832,129,2024-11-19,Completed,
833,27,2024-12-13,Completed,1525.3899999999999
834,329,2025-07-03,Completed,1312.9199999999998
835,247,2025-02-22,Completed,439.26
836,448,2024-12-24,Completed,882.5200000000001
837,191,2025-09-10,Completed,825.69
838,284,2024-12-12,Completed,231.45000000000002
839,479,2025-07-09,Completed,930.6400000000001
840,53,2025-06-24,Completed,344.24
841,365,2025-01-15,Completed,295.4
842,434,2025-06-29,Completed,1045.5
843,265,2025-08-11,Completed,
844,436,2025-10-20,Completed,1560.43
845,64,2024-11-03,Completed,317.34999999999997
846,146,2025-02-16,Completed,896.54
847,43,2025-02-07,Completed,1098.41
848,391,2025-09-07,Completed,393.25
849,83,2025-04-29,Completed,1253.6000000000001
850,140,2025-05-24,Completed,157.3
851,231,2024-12-29,Completed,242.08
852,464,2025-02-09,Completed,256.42
853,263,2025-06-04,Completed,
854,76,2025-02-24,Completed,
855,426,2025-07-18,Completed,796.28
856,224,2024-12-08,Completed,720.3
857,47,2025-07-08,Completed,626.21
858,485,2025-10-30,Completed,104.61
859,467,2025-06-20,Completed,616.5500000000001
860,114,2025-05-29,Completed,61.39
861,419,2025-05-04,Completed,462.75
862,231,2025-09-13,Completed,
863,453,2025-01-11,Completed,194.12
864,179,2025-07-26,Completed,534.99
865,477,2025-06-07,Completed,421.56
866,14,2025-06-09,Completed,1212.8000000000002
867,213,2025-04-30,Completed,602.4399999999999
868,28,2025-05-18,Completed,185.46
869,203,2024-11-15,Completed,992.6199999999999
870,258,2025-05-06,Completed,820.5
871,192,2024-11-06,Completed,40.62
872,121,2024-12-23,Completed,715.71
873,198,2025-04-30,Completed,764.1
874,42,2025-10-07,Completed,102.08
875,192,2025-01-07,Completed,295.75
876,115,2025-04-02,Completed,719.3599999999999
877,15,2025-08-31,Completed,926.95
878,164,2024-11-24,Completed,463.03
879,477,2024-11-15,Completed,70.77
880,51,2025-04-21,Completed,839.3499999999999
881,430,2024-12-20,Completed,358.94
882,366,2025-10-29,Completed,1799.8600000000001
883,333,2024-11-06,Completed,967.5600000000001
884,172,2025-01-17,Completed,197.89999999999998
885,406,2025-01-09,Completed,962.96
886,75,2025-08-26,Completed,581.63
887,71,2025-03-02,Completed,552.51
888,20,2025-03-10,Completed,425.5
889,147,2025-08-09,Completed,1060.27
890,470,2024-12-06,Completed,737.62
891,425,2025-03-22,Completed,351.08000000000004
892,242,2025-03-03,Completed,223.1
893,357,2025-05-18,Completed,
894,426,2025-09-13,Completed,294.28000000000003
895,72,2025-03-26,Completed,193.32999999999998
896,389,2025-04-29,Completed,104.28
897,362,2025-04-19,Completed,
898,241,2025-10-15,Completed,900.0
899,230,2025-09-23,Completed,883.46
900,316,2024-11-30,Completed,284.71
901,3,2025-07-20,Completed,425.88
902,464,2025-07-23,Completed,115.62
903,41,2024-11-22,Completed,85.03
904,10,2025-09-13,Completed,2098.0499999999997
905,132,2024-11-09,Completed,549.01
906,111,2025-02-17,Completed,177.52
907,428,2025-08-22,Completed,
908,77,2025-01-22,Completed,17.3
909,281,2025-01-10,Completed,497.40000000000003
910,482,2024-11-24,Completed,213.58
911,373,2025-06-29,Completed,724.96
912,312,2025-03-20,Completed,474.0
913,271,2025-08-07,Completed,411.8
914,217,2025-02-04,Completed,938.1099999999999
915,57,2025-07-21,Completed,247.99999999999997
916,398,2025-06-18,Completed,928.1300000000001
917,148,2025-10-19,Completed,1012.3199999999999
918,122,2025-06-23,Completed,59.34
919,155,2025-07-03,Completed,1225.46
920,63,2025-05-29,Completed,458.54999999999995
921,25,2025-04-21,Completed,787.1
922,123,2025-09-20,Completed,224.57999999999998
923,215,2025-01-06,Completed,669.3000000000001
924,328,2025-01-24,Completed,298.45
925,407,2025-03-01,Completed,643.15
926,319,2025-09-13,Completed,
927,235,2025-03-30,Completed,794.98
928,33,2025-04-24,Completed,452.84999999999997
929,57,2025-02-08,Completed,701.06
930,429,2025-02-10,Completed,94.93
931,464,2025-02-22,Completed,
932,256,2025-04-13,Completed,27.44
933,306,2025-10-07,Completed,333.54
934,275,2025-07-06,Completed,414.12
935,9,2024-11-26,Completed,494.68
936,324,2025-07-16,Completed,675.0
937,264,2024-11-04,Completed,1022.6100000000001
938,295,2025-10-30,Completed,344.14
939,124,2025-05-26,Completed,141.25
940,368,2024-12-16,Completed,476.74
941,74,2025-08-07,Completed,1206.3100000000002
942,150,2025-04-11,Completed,697.1199999999999
943,220,2025-05-16,Completed,264.35
944,1,2024-11-15,Completed,958.35
945,315,2025-07-19,Completed,1072.6799999999998
946,181,2024-11-24,Completed,640.98
947,124,2025-06-02,Completed,336.07
948,293,2025-01-14,Completed,81.84
949,214,2025-04-16,Completed,989.22
950,96,2025-04-13,Completed,
951,341,2025-07-15,Completed,198.01
952,343,2025-02-19,Completed,326.74
953,44,2025-03-29,Completed,310.14
954,269,2025-10-20,Completed,951.35
955,500,2025-08-05,Completed,595.3199999999999
956,185,2025-05-07,Completed,
957,35,2025-05-13,Completed,1362.73
958,489,2025-06-25,Completed,539.76
959,270,2025-07-03,Completed,151.99
960,279,2024-12-31,Completed,269.35
961,260,2025-10-20,Completed,468.72
962,403,2025-02-27,Completed,317.46
963,260,2025-02-23,Completed,
964,284,2025-08-16,Completed,296.22
965,11,2025-04-17,Completed,334.98
966,200,2025-08-02,Completed,625.94
967,448,2025-10-27,Completed,46.58
968,241,2025-09-23,Completed,60.52
969,23,2025-01-18,Completed,388.24
970,326,2024-11-05,Completed,847.1800000000001
971,199,2025-01-03,Completed,292.6
972,192,2025-04-30,Completed,1790.8600000000001
973,130,2024-12-07,Completed,922.38
974,383,2024-12-10,Completed,1131.5900000000001
975,9,2025-08-01,Completed,156.62
976,183,2024-12-25,Completed,294.72
977,404,2025-05-16,Completed,79.14
978,35,2025-10-17,Completed,397.81999999999994
979,177,2025-09-22,Completed,525.3
980,124,2025-09-27,Completed,1152.92
981,376,2025-08-11,Completed,151.74
982,337,2024-12-20,Completed,567.3
983,322,2025-03-19,Completed,403.72
984,54,2024-12-20,Completed,968.95
985,396,2025-05-24,Completed,303.02
986,298,2025-06-08,Completed,301.97
987,377,2025-06-03,Completed,1272.3200000000002
988,388,2025-09-28,Completed,73.11
989,171,2025-01-15,Completed,377.88
990,69,2025-09-30,Completed,1085.76
991,23,2025-04-03,Completed,576.78
992,181,2025-03-28,Completed,909.9399999999999
993,280,2025-04-02,Completed,294.54999999999995
994,174,2025-09-22,Completed,265.32
995,417,2025-03-20,Completed,242.28
996,330,2024-12-14,Completed,847.17
997,90,2025-01-03,Completed,214.62
998,426,2025-07-18,Completed,630.34
999,399,2025-08-04,Completed,271.99
1000,351,2025-09-21,Completed,186.28
